file,m,j,d,p,i,guan_solution,guan_optimal,guan_time,guangap,guanbuild_time,guan_solution_time,tbased2_solution,tbased2_optimal,tbased2_time,tbased2gap,tbased2build_time,tbased2_solution_time,cp_limit1s_solution,cp_limit1s_optimal,cp_limit1s_time
m15j15d15p40_0.csv.out,15,15,15,40,0,11,1,0.27700018882751465,0.0,0.06500005722045898,0.212000131607,NA,NA,NA,NA,NA,NA
m15j15d15p40_1.csv.out,15,15,15,40,1,11,1,4.628000020980835,0.0,0.051000118255615234,4.57699990273,NA,NA,NA,NA,NA,NA
m15j15d15p40_2.csv.out,15,15,15,40,2,11,1,0.2969999313354492,0.0,0.04500007629394531,0.251999855042,NA,NA,NA,NA,NA,NA
m15j15d15p40_3.csv.out,15,15,15,40,3,10,1,0.20799994468688965,0.0,0.04699993133544922,0.161000013351,NA,NA,NA,NA,NA,NA
m15j15d15p40_4.csv.out,15,15,15,40,4,10,1,0.24099993705749512,0.0,0.04800009727478027,0.192999839783,NA,NA,NA,NA,NA,NA
m15j15d15p40_5.csv.out,15,15,15,40,5,10,1,0.5280001163482666,0.0,0.05500006675720215,0.473000049591,NA,NA,NA,NA,NA,NA
m15j15d15p40_6.csv.out,15,15,15,40,6,9,1,2.3489999771118164,0.0,0.04900002479553223,2.29999995232,NA,NA,NA,NA,NA,NA
m15j15d15p40_7.csv.out,15,15,15,40,7,9,1,0.7099997997283936,0.0,0.042999982833862305,0.666999816895,NA,NA,NA,NA,NA,NA
m15j15d15p40_8.csv.out,15,15,15,40,8,10,1,1.1510000228881836,0.0,0.07800006866455078,1.07299995422,NA,NA,NA,NA,NA,NA
m15j15d15p40_9.csv.out,15,15,15,40,9,9,1,1.0280001163482666,0.0,0.054000139236450195,0.973999977112,NA,NA,NA,NA,NA,NA
m15j15d25p40_0.csv.out,15,15,25,40,0,10,1,0.6610000133514404,0.0,0.09299993515014648,0.568000078201,NA,NA,NA,NA,NA,NA
m15j15d25p40_1.csv.out,15,15,25,40,1,10,1,0.2780001163482666,0.0,0.06000018119812012,0.21799993515,NA,NA,NA,NA,NA,NA
m15j15d25p40_2.csv.out,15,15,25,40,2,7,1,2.2290000915527344,0.0,0.07899999618530273,2.15000009537,NA,NA,NA,NA,NA,NA
m15j15d25p40_3.csv.out,15,15,25,40,3,8,1,0.45600008964538574,0.0,0.042999982833862305,0.413000106812,NA,NA,NA,NA,NA,NA
m15j15d25p40_4.csv.out,15,15,25,40,4,9,1,6.072999954223633,0.0,0.05900001525878906,6.01399993896,NA,NA,NA,NA,NA,NA
m15j15d25p40_5.csv.out,15,15,25,40,5,10,1,0.15400004386901855,0.0,0.0409998893737793,0.113000154495,NA,NA,NA,NA,NA,NA
m15j15d25p40_6.csv.out,15,15,25,40,6,7,1,2.0169999599456787,0.0,0.04399991035461426,1.97300004959,NA,NA,NA,NA,NA,NA
m15j15d25p40_7.csv.out,15,15,25,40,7,9,1,0.2669999599456787,0.0,0.0409998893737793,0.226000070572,NA,NA,NA,NA,NA,NA
m15j15d25p40_8.csv.out,15,15,25,40,8,9,1,1.2999999523162842,0.0,0.04700016975402832,1.25299978256,NA,NA,NA,NA,NA,NA
m15j15d25p40_9.csv.out,15,15,25,40,9,9,1,1.4009997844696045,0.0,0.0559999942779541,1.34499979019,NA,NA,NA,NA,NA,NA
m15j25d15p40_0.csv.out,15,25,15,40,0,18,0,10.260999917984009,0.16666666666574195,0.18699979782104492,10.0740001202,NA,NA,NA,NA,NA,NA
m15j25d15p40_1.csv.out,15,25,15,40,1,17,0,10.2260000705719,0.23443468296271572,0.1809999942779541,10.0450000763,NA,NA,NA,NA,NA,NA
m15j25d15p40_2.csv.out,15,25,15,40,2,18,1,4.523999929428101,0.0,0.13400006294250488,4.38999986649,NA,NA,NA,NA,NA,NA
m15j25d15p40_3.csv.out,15,25,15,40,3,18,0,10.131999969482422,0.4444444444419739,0.09800004959106445,10.0339999199,NA,NA,NA,NA,NA,NA
m15j25d15p40_4.csv.out,15,25,15,40,4,18,0,10.153000116348267,0.2222222222209871,0.1119999885559082,10.0410001278,NA,NA,NA,NA,NA,NA
m15j25d15p40_5.csv.out,15,25,15,40,5,18,1,7.427999973297119,0.0,0.1660001277923584,7.2619998455,NA,NA,NA,NA,NA,NA
m15j25d15p40_6.csv.out,15,25,15,40,6,17,0,10.151000022888184,0.14705882352854674,0.09999990463256836,10.0510001183,NA,NA,NA,NA,NA,NA
m15j25d15p40_7.csv.out,15,25,15,40,7,18,0,10.151000022888184,0.2499999999985675,0.1100001335144043,10.0409998894,NA,NA,NA,NA,NA,NA
m15j25d15p40_8.csv.out,15,25,15,40,8,16,0,10.189000129699707,0.24999999999843753,0.1510000228881836,10.0380001068,NA,NA,NA,NA,NA,NA
m15j25d15p40_9.csv.out,15,25,15,40,9,18,1,9.884000062942505,0.0,0.10000014305114746,9.78399991989,NA,NA,NA,NA,NA,NA
m15j25d25p40_0.csv.out,15,25,25,40,0,17,0,10.128999948501587,0.4117647058799257,0.0989999771118164,10.0299999714,NA,NA,NA,NA,NA,NA
m15j25d25p40_1.csv.out,15,25,25,40,1,18,0,10.135999917984009,0.21967380224138916,0.11099982261657715,10.0250000954,NA,NA,NA,NA,NA,NA
m15j25d25p40_2.csv.out,15,25,25,40,2,16,0,10.128999948501587,0.3124999999980411,0.10300016403198242,10.0259997845,NA,NA,NA,NA,NA,NA
m15j25d25p40_3.csv.out,15,25,25,40,3,15,0,10.149999856948853,0.3333333333311111,0.10500001907348633,10.0449998379,NA,NA,NA,NA,NA,NA
m15j25d25p40_4.csv.out,15,25,25,40,4,17,0,10.146999835968018,0.2336417713138692,0.11100006103515625,10.0359997749,NA,NA,NA,NA,NA,NA
m15j25d25p40_5.csv.out,15,25,25,40,5,16,0,10.138999938964844,0.49999999999687483,0.10099983215332031,10.0380001068,NA,NA,NA,NA,NA,NA
m15j25d25p40_6.csv.out,15,25,25,40,6,18,0,10.151000022888184,0.29629629629464355,0.11800003051757812,10.0329999924,NA,NA,NA,NA,NA,NA
m15j25d25p40_7.csv.out,15,25,25,40,7,16,0,10.152999877929688,0.24999999999843764,0.10199999809265137,10.0509998798,NA,NA,NA,NA,NA,NA
m15j25d25p40_8.csv.out,15,25,25,40,8,17,1,3.950000047683716,0.0,0.21399998664855957,3.73600006104,NA,NA,NA,NA,NA,NA
m15j25d25p40_9.csv.out,15,25,25,40,9,17,0,10.134000062942505,0.1203207651212607,0.09800004959106445,10.0360000134,NA,NA,NA,NA,NA,NA
m15j30d20p05_0.csv.out,15,30,20,05,0,14,0,10.375999927520752,0.7857142857086721,0.3359999656677246,10.0399999619,11,1,31.442000150680542,0.0,5.180999994277954,26.2610001564,17,0,1.079,,
m15j30d20p05_1.csv.out,15,30,20,05,1,14,0,10.179999828338623,0.8571428571367347,0.14299988746643066,10.0369999409,12,1,22.685999870300293,0.0,4.144999980926514,18.5409998894,18,0,1.048,,
m15j30d20p05_2.csv.out,15,30,20,05,2,11,0,10.270999908447266,0.9090909090826447,0.20600008964538574,10.0649998188,8,1,5.008999824523926,0.0,2.882999897003174,2.12599992752,16,0,1.026,,
m15j30d20p05_3.csv.out,15,30,20,05,3,19,0,10.232999801635742,0.8947368421005532,0.19499993324279785,10.0379998684,13,1,12.306999921798706,0.0,3.9179999828338623,8.38899993896,19,0,1.025,,
m15j30d20p05_4.csv.out,15,30,20,05,4,18,0,10.2739999294281,0.8888888888839507,0.21399998664855957,10.0599999428,11,1,7.078999996185303,0.0,3.679999828338623,3.39900016785,16,0,1.014,,
m15j30d20p05_5.csv.out,15,30,20,05,5,13,0,10.23200011253357,0.8461538461473372,0.18799996376037598,10.0440001488,10,1,11.051999807357788,0.0,4.139999866485596,6.91199994087,12,0,1.029,,
m15j30d20p05_6.csv.out,15,30,20,05,6,11,0,10.210000038146973,0.9090909090826432,0.16900014877319336,10.0409998894,8,1,1171.7639999389648,0.0,3.2929999828338623,1168.47099996,13,0,0.988,,
m15j30d20p05_7.csv.out,15,30,20,05,7,13,0,10.26200008392334,0.7692307692248521,0.21800017356872559,10.0439999104,9,1,11.351999998092651,0.0,3.802999973297119,7.5490000248,14,0,1.049,,
m15j30d20p05_8.csv.out,15,30,20,05,8,15,0,10.217999935150146,0.9333333333271102,0.18400001525878906,10.0339999199,10,1,9.956000089645386,0.0,3.803999900817871,6.15200018883,18,0,1.077,,
m15j30d20p05_9.csv.out,15,30,20,05,9,13,0,10.219000101089478,0.6923076923023669,0.1530001163482666,10.0659999847,10,1,6.635999917984009,0.0,3.747999906539917,2.88800001144,16,0,1.012,,
m15j30d20p10_0.csv.out,15,30,20,10,0,20,0,10.289999961853027,0.64999999999674,0.2369999885559082,10.0529999733,17,1,464.50300002098083,0.0,16.26199984550476,448.241000175,19,0,1.054,,
m15j30d20p10_1.csv.out,15,30,20,10,1,17,0,10.246000051498413,0.6470588235255803,0.2090001106262207,10.0369999409,15,1,22.17899990081787,0.0,12.399999856948853,9.77900004387,20,0,0.997,,
m15j30d20p10_2.csv.out,15,30,20,10,2,15,0,10.188000202178955,0.7333333333284406,0.14300012588500977,10.0450000763,11,1,36.513999938964844,0.0,10.187000036239624,26.3269999027,15,0,0.996,,
m15j30d20p10_3.csv.out,15,30,20,10,3,20,0,10.254000186920166,0.6999999999964995,0.20099997520446777,10.0530002117,18,1,24.658000230789185,0.0,13.76800012588501,10.8900001049,22,0,1.03,,
m15j30d20p10_4.csv.out,15,30,20,10,4,17,0,10.258000135421753,0.7647058823484042,0.2070000171661377,10.0510001183,13,1,28.340999841690063,0.0,11.559999942779541,16.7809998989,18,0,1.022,,
m15j30d20p10_5.csv.out,15,30,20,10,5,20,0,10.289000034332275,0.6999999999964681,0.2390000820159912,10.0499999523,16,1,20.206000089645386,0.0,11.31600022315979,8.88999986649,20,0,1.045,,
m15j30d20p10_6.csv.out,15,30,20,10,6,15,0,10.326000213623047,0.5333333333297777,0.26799988746643066,10.0580003262,13,1,34.05999994277954,0.0,10.491999864578247,23.5680000782,17,0,1.021,,
m15j30d20p10_7.csv.out,15,30,20,10,7,15,0,10.282999992370605,0.7999999999946639,0.2330000400543213,10.0499999523,11,1,22.6729998588562,0.0,9.879999876022339,12.7929999828,13,0,1.056,,
m15j30d20p10_8.csv.out,15,30,20,10,8,19,0,10.292999982833862,0.7368421052592792,0.2369999885559082,10.0559999943,14,1,36.900999784469604,0.0,13.786999940872192,23.1139998436,19,0,1.062,,
m15j30d20p10_9.csv.out,15,30,20,10,9,15,0,10.263999938964844,0.5333333333297714,0.21900010108947754,10.0449998379,13,0,1812.9670000076294,0.07692307692248493,11.150000095367432,1801.81699991,18,0,1.009,,
m15j30d20p20_0.csv.out,15,30,20,20,0,23,0,10.256999969482422,0.30434782608561906,0.20399999618530273,10.0529999733,23,1,241.63900017738342,0.0,65.73000001907349,175.909000158,24,0,1.011,,
m15j30d20p20_1.csv.out,15,30,20,20,1,22,0,10.231000185012817,0.4090909090890485,0.19099998474121094,10.0400002003,20,1,119.59700012207031,0.0,38.157999992370605,81.4390001297,21,0,1.028,,
m15j30d20p20_2.csv.out,15,30,20,20,2,23,0,10.242000102996826,0.4347826086937504,0.19300007820129395,10.0490000248,21,1,104.3199999332428,0.0,44.5220000743866,59.7979998589,23,0,1.089,,
m15j30d20p20_3.csv.out,15,30,20,20,3,22,0,10.250999927520752,0.36363636363470675,0.20799994468688965,10.0429999828,21,1,402.77699995040894,0.0,55.69099998474121,347.085999966,22,0,1.092,,
m15j30d20p20_4.csv.out,15,30,20,20,4,21,0,10.253000020980835,0.4285714285693877,0.2049999237060547,10.0480000973,19,1,139.43300008773804,0.0,49.51300001144409,89.9200000763,22,0,1.125,,
m15j30d20p20_5.csv.out,15,30,20,20,5,22,0,10.240000009536743,0.45454545454338807,0.18899989128112793,10.0510001183,20,1,1794.6080000400543,0.0,57.401999950408936,1737.20600009,21,0,1.049,,
m15j30d20p20_6.csv.out,15,30,20,20,6,22,0,10.283999919891357,0.4363636363616521,0.23000001907348633,10.0539999008,21,1,1005.5299999713898,0.0,73.71299982070923,931.817000151,23,0,1.009,,
m15j30d20p20_7.csv.out,15,30,20,20,7,19,0,10.282000064849854,0.4210526315767291,0.2220001220703125,10.0599999428,18,1,208.77900004386902,0.0,75.46000003814697,133.319000006,21,0,0.999,,
m15j30d20p20_8.csv.out,15,30,20,20,8,23,0,10.297000169754028,0.565217391301889,0.23799991607666016,10.0590002537,20,1,136.9869999885559,0.0,50.47499990463257,86.5120000839,23,0,1.03,,
m15j30d20p20_9.csv.out,15,30,20,20,9,21,0,10.299999952316284,0.4761904761882105,0.23399996757507324,10.0659999847,18,1,955.6040000915527,0.0,70.60500001907349,884.999000072,20,0,1.033,,
m15j30d20p40_0.csv.out,15,30,20,40,0,21,0,10.223000049591064,0.38095238095056666,0.18499994277954102,10.0380001068,20,1,698.7919998168945,0.0,195.50300002098083,503.288999796,21,0,1.04,,
m15j30d20p40_1.csv.out,15,30,20,40,1,22,0,10.267000198364258,0.2727272727260331,0.21800017356872559,10.0490000248,22,1,842.7840001583099,0.0,178.5809998512268,664.203000307,24,0,1.032,,
m15j30d20p40_2.csv.out,15,30,20,40,2,24,0,10.239000082015991,0.33333333333194415,0.1979999542236328,10.0410001278,23,1,1016.452999830246,0.0,194.80400013923645,821.648999691,24,0,1.019,,
m15j30d20p40_3.csv.out,15,30,20,40,3,22,0,10.263999938964844,0.2727272727260287,0.20099997520446777,10.0629999638,22,0,2031.5769999027252,0.04675324675303424,217.0770001411438,1814.49999976,23,0,1.078,,
m15j30d20p40_4.csv.out,15,30,20,40,4,24,0,10.266000032424927,0.41666666666493024,0.22099995613098145,10.0450000763,23,1,1128.8430001735687,0.0,226.25100016593933,902.592000008,24,0,1.03,,
m15j30d20p40_5.csv.out,15,30,20,40,5,22,0,10.247999906539917,0.43181818181621784,0.18700003623962402,10.0609998703,21,1,933.3559999465942,0.0,183.87199997901917,749.483999968,21,0,1.009,,
m15j30d20p40_6.csv.out,15,30,20,40,6,23,0,10.276000022888184,0.2608695652162562,0.22500014305114746,10.0509998798,22,1,1504.9079999923706,0.0,198.52800011634827,1306.37999988,23,0,1.027,,
m15j30d20p40_7.csv.out,15,30,20,40,7,20,0,10.180999994277954,0.3999999999979958,0.13900017738342285,10.0419998169,20,0,1998.704999923706,0.06666666666633292,185.02800011634827,1813.67699981,21,0,1.08,,
m15j30d20p40_8.csv.out,15,30,20,40,8,23,0,10.337000131607056,0.39130434782438467,0.2990000247955322,10.0380001068,23,0,1971.0820000171661,0.07310263892922084,156.96599984169006,1814.11600018,23,0,1.056,,
m15j30d20p40_9.csv.out,15,30,20,40,9,24,0,10.590999841690063,0.3749999999984375,0.49199986457824707,10.0989999771,22,1,1220.5710000991821,0.0,220.85199999809265,999.719000101,23,0,1.027,,
m15j40d20p05_0.csv.out,15,40,20,05,0,36,0,10.727999925613403,0.9719742063465064,0.6449999809265137,10.0829999447,13,1,32.901000022888184,0.0,9.04800009727478,23.8529999256,21,0,1.016,,
m15j40d20p05_1.csv.out,15,40,20,05,1,25,0,10.825999975204468,0.8394473963834648,0.749000072479248,10.0769999027,17,1,28.641000032424927,0.0,11.314000129699707,17.3269999027,22,0,1.034,,
m15j40d20p05_2.csv.out,15,40,20,05,2,30,0,10.332000017166138,0.9333333333302221,0.28999996185302734,10.0420000553,14,1,65.35399985313416,0.0,14.02999997138977,51.3239998817,22,0,1.089,,
m15j40d20p05_3.csv.out,15,40,20,05,3,33,0,10.30400013923645,0.8181818181793383,0.23800015449523926,10.0659999847,17,1,109.36199998855591,0.0,10.177000045776367,99.1849999428,23,0,1.019,,
m15j40d20p05_4.csv.out,15,40,20,05,4,25,0,10.690999984741211,0.8399999999966392,0.6269998550415039,10.0640001297,15,1,29.313000202178955,0.0,9.021000146865845,20.2920000553,22,0,1.02,,
m15j40d20p05_5.csv.out,15,40,20,05,5,23,0,10.2739999294281,0.8695652173875231,0.23600006103515625,10.0379998684,15,1,36.366000175476074,0.0,8.663000106811523,27.7030000687,22,0,1.012,,
m15j40d20p05_6.csv.out,15,40,20,05,6,29,0,10.31000018119812,0.827586206893697,0.24200010299682617,10.0680000782,18,1,134.2810001373291,0.0,8.80299997329712,125.478000164,27,0,1.005,,
m15j40d20p05_7.csv.out,15,40,20,05,7,25,0,10.526000022888184,0.7999999999967999,0.4589998722076416,10.0670001507,18,1,268.11899995803833,0.0,10.006999969482422,258.111999989,27,0,1.075,,
m15j40d20p05_8.csv.out,15,40,20,05,8,27,0,10.506999969482422,0.9259259259224961,0.42999982833862305,10.0770001411,15,1,40.895999908447266,0.0,8.36899995803833,32.5269999504,21,0,1.004,,
m15j40d20p05_9.csv.out,15,40,20,05,9,36,0,10.368000030517578,0.9166666666641203,0.3059999942779541,10.0620000362,14,1,49.98799991607666,0.0,10.316999912261963,39.6710000038,21,0,1.031,,
m15j40d20p10_0.csv.out,15,40,20,10,0,32,0,10.302000045776367,0.6874999999978498,0.247999906539917,10.0540001392,26,1,89.53900003433228,0.0,36.519999980926514,53.0190000534,29,0,1.031,,
m15j40d20p10_1.csv.out,15,40,20,10,1,28,0,10.355000019073486,0.7499999999973215,0.312999963760376,10.0420000553,23,1,139.36500000953674,0.0,30.335000038146973,109.029999971,27,0,1.047,,
m15j40d20p10_2.csv.out,15,40,20,10,2,33,0,10.32099986076355,0.6969696969675843,0.2539999485015869,10.0669999123,26,1,100.97199988365173,0.0,34.00699996948242,66.9649999142,29,0,1.088,,
m15j40d20p10_3.csv.out,15,40,20,10,3,36,0,10.58899998664856,0.7499999999979167,0.5379998683929443,10.0510001183,22,1,236.7170000076294,0.0,32.96000003814697,203.756999969,27,0,1.026,,
m15j40d20p10_4.csv.out,15,40,20,10,4,33,0,10.356000185012817,0.7878787878764003,0.2970001697540283,10.0590000153,23,1,86.78700017929077,0.0,31.447999954223633,55.3390002251,28,0,1.016,,
m15j40d20p10_5.csv.out,15,40,20,10,5,38,0,10.346999883651733,0.8684210526292936,0.2869999408721924,10.0599999428,23,1,1234.1689999103546,0.0,30.96399998664856,1203.20499992,26,0,1.006,,
m15j40d20p10_6.csv.out,15,40,20,10,6,32,0,10.336999893188477,0.7812499999975585,0.27899980545043945,10.0580000877,22,1,110.41400003433228,0.0,36.704999923706055,73.7090001106,26,0,0.994,,
m15j40d20p10_7.csv.out,15,40,20,10,7,32,0,10.34000015258789,0.718493852456771,0.28800010681152344,10.0520000458,23,1,206.92000007629395,0.0,33.37000012397766,173.549999952,28,0,1.048,,
m15j40d20p10_8.csv.out,15,40,20,10,8,29,0,10.331000089645386,0.7586206896525566,0.27500009536743164,10.0559999943,21,1,341.914999961853,0.0,28.96500015258789,312.949999809,26,0,1.014,,
m15j40d20p10_9.csv.out,15,40,20,10,9,29,0,10.394999980926514,0.7241379310319837,0.32399988174438477,10.0710000992,24,1,185.52999997138977,0.0,34.812000036239624,150.717999935,27,0,1.01,,
m15j40d20p20_0.csv.out,15,40,20,20,0,33,0,10.316999912261963,0.575757575755831,0.2709999084472656,10.0460000038,27,0,1931.648999929428,0.061728395061499554,118.84999990463257,1812.79900002,29,0,1.004,,
m15j40d20p20_1.csv.out,15,40,20,20,1,31,0,10.418999910354614,0.4838709677403748,0.3680000305175781,10.0509998798,28,1,371.65199995040894,0.0,136.7960000038147,234.855999947,32,0,1.045,,
m15j40d20p20_2.csv.out,15,40,20,20,2,35,0,10.365000009536743,0.5849206349189636,0.27300000190734863,10.0920000076,28,0,1937.3180000782013,0.05337374588858697,125.52699995040894,1811.79100013,31,0,1.015,,
m15j40d20p20_3.csv.out,15,40,20,20,3,36,0,10.591000080108643,0.5694444444428626,0.49699997901916504,10.0940001011,29,1,1071.069000005722,0.0,119.45000004768372,951.618999958,32,0,1.003,,
m15j40d20p20_4.csv.out,15,40,20,20,4,32,0,10.55299997329712,0.40624999999873046,0.48000001907348633,10.0729999542,30,1,460.60400009155273,0.0,184.5329999923706,276.071000099,32,0,0.988,,
m15j40d20p20_5.csv.out,15,40,20,20,5,32,0,10.341000080108643,0.4374999999986329,0.27300000190734863,10.0680000782,25,1,309.728000164032,0.0,124.25300002098083,185.475000143,27,0,1.044,,
m15j40d20p20_6.csv.out,15,40,20,20,6,33,0,10.365000009536743,0.48484848484701537,0.31400012969970703,10.0509998798,27,0,1943.9289999008179,0.04585537918854253,136.29199981689453,1807.63700008,28,0,1.01,,
m15j40d20p20_7.csv.out,15,40,20,20,7,31,0,10.315999984741211,0.5161290322563966,0.26799988746643066,10.0480000973,27,1,563.8929998874664,0.0,102.3970000743866,461.495999813,30,0,1.062,,
m15j40d20p20_8.csv.out,15,40,20,20,8,34,0,10.398000001907349,0.5882352941159169,0.3399999141693115,10.0580000877,28,0,1929.143000125885,0.06727329571972446,119.8289999961853,1809.31400013,29,0,1.013,,
m15j40d20p20_9.csv.out,15,40,20,20,9,35,0,10.361999988555908,0.5711500085925739,0.3040001392364502,10.0579998493,27,0,1925.7389998435974,0.07930049023976785,118.41499996185303,1807.32399988,30,0,0.99,,
m15j40d20p40_0.csv.out,15,40,20,40,0,35,0,10.396999835968018,0.42857142857020325,0.3380000591278076,10.0589997768,39,0,2278.3180000782013,0.239316239315625,455.3140001296997,1823.00399995,33,0,1.042,,
m15j40d20p40_1.csv.out,15,40,20,40,1,35,0,10.359999895095825,0.3714285714275107,0.30299997329711914,10.0569999218,39,0,2302.914999961853,0.20886090310815456,467.91699981689453,1834.99800014,33,0,1.009,,
m15j40d20p40_2.csv.out,15,40,20,40,2,34,0,10.368000030517578,0.382352941175346,0.3229999542236328,10.0450000763,32,1,1795.983999967575,0.0,437.53799986839294,1358.4460001,33,0,1.016,,
m15j40d20p40_3.csv.out,15,40,20,40,3,33,0,10.361999988555908,0.4242424242411385,0.3059999942779541,10.0559999943,28,0,2304.2439999580383,0.04464285714269771,463.4210000038147,1840.82299995,29,0,0.994,,
m15j40d20p40_4.csv.out,15,40,20,40,4,38,0,10.36899995803833,0.6050541795649712,0.312000036239624,10.0569999218,29,0,2200.4359998703003,0.047126436781446464,380.3769998550415,1820.05900002,30,0,1.049,,
m15j40d20p40_5.csv.out,15,40,20,40,5,35,0,10.425999879837036,0.48571428571289693,0.36999988555908203,10.0559999943,30,0,2191.763000011444,0.04525641025625904,367.9319999217987,1823.83100009,30,0,1.01,,
m15j40d20p40_6.csv.out,15,40,20,40,6,34,0,10.33299994468689,0.5294117647043253,0.2780001163482666,10.0549998283,39,0,2420.37299990654,0.3066239316231454,493.7760000228882,1926.59699988,30,0,1.004,,
m15j40d20p40_7.csv.out,15,40,20,40,7,31,0,10.32099986076355,0.35253838653292646,0.27699995040893555,10.0439999104,NA,NA,1886.1570000648499,32,0,1.044,,
m15j40d20p40_8.csv.out,15,40,20,40,8,33,0,10.324000120162964,0.454545454544077,0.26600003242492676,10.0580000877,37,0,2394.6480000019073,0.9999999999972973,549.5050001144409,1845.14299989,30,0,1.013,,
m15j40d20p40_9.csv.out,15,40,20,40,9,33,0,10.389999866485596,0.4545454545440714,0.32899999618530273,10.0609998703,39,0,2442.0039999485016,0.9999999999974358,605.1559998989105,1836.84800005,32,0,0.995,,
m15j50d20p05_0.csv.out,15,50,20,05,0,45,0,10.644999980926514,0.933200266132324,0.5340001583099365,10.1109998226,24,1,150.04800009727478,0.0,25.471999883651733,124.576000214,34,0,1.006,,
m15j50d20p05_1.csv.out,15,50,20,05,1,39,0,10.740000009536743,0.9230769230745561,0.5270001888275146,10.2129998207,24,1,90.18099999427795,0.0,20.66599988937378,69.5150001049,33,0,1.032,,
m15j50d20p05_2.csv.out,15,50,20,05,2,43,0,11.009000062942505,0.9999999999976744,0.9340000152587891,10.0750000477,18,1,62.22200012207031,0.0,19.003999948501587,43.2180001736,25,0,1.041,,
m15j50d20p05_3.csv.out,15,50,20,05,3,43,0,10.827000141143799,0.9302325581373715,0.7450001239776611,10.0820000172,20,1,75.34099984169006,0.0,19.955999851226807,55.3849999905,31,0,0.994,,
m15j50d20p05_4.csv.out,15,50,20,05,4,45,0,10.90499997138977,0.8666666666647407,0.810999870300293,10.0940001011,25,1,69.78099989891052,0.0,20.194999933242798,49.5859999657,34,0,1.018,,
m15j50d20p05_5.csv.out,15,50,20,05,5,45,0,10.792999982833862,0.8888888888869135,0.7179999351501465,10.0750000477,24,1,61.97800016403198,0.0,20.28600001335144,41.6920001507,30,0,1.02,,
m15j50d20p05_6.csv.out,15,50,20,05,6,43,0,10.82200002670288,0.9534883720908058,0.7290000915527344,10.0929999352,19,1,65.95900011062622,0.0,19.44000005722046,46.5190000534,30,0,1.026,,
m15j50d20p05_7.csv.out,15,50,20,05,7,41,0,10.82699990272522,0.9756097560951814,0.7360000610351562,10.0909998417,19,1,52.907999992370605,0.0,16.48799991607666,36.4200000763,30,0,1.006,,
m15j50d20p05_8.csv.out,15,50,20,05,8,43,0,10.82099986076355,0.9302325581373715,0.7350001335144043,10.0859997272,19,1,86.08100008964539,0.0,15.746000051498413,70.3350000381,29,0,1.007,,
m15j50d20p05_9.csv.out,15,50,20,05,9,45,0,10.805999994277954,0.9111077557984685,0.7330000400543213,10.0729999542,22,1,42.4539999961853,0.0,16.983999967575073,25.4700000286,31,0,1.009,,
m15j50d20p10_0.csv.out,15,50,20,10,0,47,0,10.858999967575073,0.8085106382961521,0.7789998054504395,10.0800001621,32,1,1195.25200009346,0.0,84.06100010871887,1111.19099998,38,0,1.029,,
m15j50d20p10_1.csv.out,15,50,20,10,1,48,0,10.831000089645386,0.8437499999982422,0.7350001335144043,10.0959999561,32,1,265.99000000953674,0.0,73.29199981689453,192.698000193,40,0,1.022,,
m15j50d20p10_2.csv.out,15,50,20,10,2,46,0,10.841000080108643,0.8027929733120837,0.7420001029968262,10.0989999771,29,1,1490.7509999275208,0.0,63.539000034332275,1427.21199989,36,0,1.043,,
m15j50d20p10_3.csv.out,15,50,20,10,3,48,0,10.81499981880188,0.7916666666650173,0.7269999980926514,10.0879998207,33,0,1894.1180000305176,0.033551871889840094,88.04500007629395,1806.07299995,38,0,1.064,,
m15j50d20p10_4.csv.out,15,50,20,10,4,45,0,10.815000057220459,0.8222222222203949,0.7279999256134033,10.0870001316,32,1,1508.417000055313,0.0,62.40700006484985,1446.00999999,37,0,1.042,,
m15j50d20p10_5.csv.out,15,50,20,10,5,47,0,10.799999952316284,0.8083772427115461,0.7290000915527344,10.0709998608,32,1,274.21999979019165,0.0,99.11099982261658,175.108999968,39,0,1.01,,
m15j50d20p10_6.csv.out,15,50,20,10,6,45,0,10.83299994468689,0.7995356584475132,0.751000165939331,10.0819997787,31,0,1868.0169999599457,0.047600912585129836,63.162999868392944,1804.85400009,37,0,1.014,,
m15j50d20p10_7.csv.out,15,50,20,10,7,48,0,10.83299994468689,0.7498126478312849,0.7339999675750732,10.0989999771,33,1,151.83100008964539,0.0,71.39999985694885,80.4310002327,37,0,1.009,,
m15j50d20p10_8.csv.out,15,50,20,10,8,47,0,10.834999799728394,0.8936170212746944,0.7619998455047607,10.0729999542,29,1,1779.7300000190735,0.0,53.95900011062622,1725.77099991,34,0,1.031,,
m15j50d20p10_9.csv.out,15,50,20,10,9,48,0,10.838000059127808,0.8333333333315972,0.746999979019165,10.0910000801,31,0,1893.37700009346,0.04838709677403689,83.75800013542175,1809.61899996,36,0,1.044,,
m15j50d20p20_0.csv.out,15,50,20,20,0,47,0,10.816999912261963,0.6164584036911345,0.7419998645782471,10.0750000477,36,1,1988.9240000247955,0.0,264.23400020599365,1724.68999982,40,0,1.048,,
m15j50d20p20_1.csv.out,15,50,20,20,1,48,0,10.817000150680542,0.8069474120343801,0.7249999046325684,10.092000246,33,1,1702.9349999427795,0.0,337.85700011253357,1365.07799983,39,0,1.012,,
m15j50d20p20_2.csv.out,15,50,20,20,2,47,0,10.812999963760376,0.6780687042628628,0.7309999465942383,10.0820000172,38,0,2122.731999874115,0.0878446115285908,306.7559998035431,1815.97600007,41,0,1.078,,
m15j50d20p20_3.csv.out,15,50,20,20,3,46,0,10.830999851226807,0.6956521739115311,0.7409999370574951,10.0899999142,36,1,541.1879999637604,0.0,227.75499987602234,313.433000088,40,0,0.999,,
m15j50d20p20_4.csv.out,15,50,20,20,4,49,0,10.860000133514404,0.6324787833183279,0.7750000953674316,10.0850000381,46,0,2290.141000032425,0.9999999999978261,464.09600019454956,1826.04499984,41,0,1.023,,
m15j50d20p20_5.csv.out,15,50,20,20,5,47,0,10.806999921798706,0.5635918449246069,0.7339999675750732,10.0729999542,37,0,2112.848000049591,0.030060588910181693,298.4119999408722,1814.43600011,42,0,1.013,,
m15j50d20p20_6.csv.out,15,50,20,20,6,47,0,10.837000131607056,0.6805749018720791,0.746999979019165,10.0900001526,36,1,781.8540000915527,0.0,326.4909999370575,455.363000154,40,0,1.032,,
m15j50d20p20_7.csv.out,15,50,20,20,7,47,0,10.831000089645386,0.6791449217167401,0.7410001754760742,10.0899999142,36,0,2125.7419998645782,0.054326509787258066,309.8890001773834,1815.85299969,38,0,0.999,,
m15j50d20p20_8.csv.out,15,50,20,20,8,47,0,10.839999914169312,0.6794829310030004,0.7300000190734863,10.1099998951,48,0,2126.723000049591,0.22416666666619944,309.8619999885559,1816.86100006,40,0,1.011,,
m15j50d20p20_9.csv.out,15,50,20,20,9,49,0,10.818000078201294,0.7138118929149136,0.7360000610351562,10.0820000172,49,0,2098.481999874115,0.2991076950254515,282.7699999809265,1815.71199989,39,0,1.01,,
m15j50d20p40_0.csv.out,15,50,20,40,0,48,0,10.819000005722046,0.6545983008729583,0.7439999580383301,10.0750000477,49,0,2588.447000026703,0.9999999999979592,754.5139999389648,1833.93300009,43,0,1.015,,
m15j50d20p40_1.csv.out,15,50,20,40,1,48,0,10.806999921798706,0.8685047579689998,0.7170000076293945,10.0899999142,49,0,3166.385999917984,0.9999999999979592,978.061999797821,2188.32400012,43,0,1.06,,
m15j50d20p40_2.csv.out,15,50,20,40,2,49,0,10.82099986076355,0.6122448979579342,0.7330000400543213,10.0879998207,48,0,4276.809000015259,0.225520833332864,834.8450000286102,3441.96399999,40,0,1.014,,
m15j50d20p40_3.csv.out,15,50,20,40,3,49,0,10.818000078201294,0.6311963985181558,0.7330000400543213,10.0850000381,49,0,3063.2999999523163,0.9999999999979592,649.4869999885559,2413.81299996,42,0,1.066,,
m15j50d20p40_4.csv.out,15,50,20,40,4,49,0,10.818999767303467,0.7099291931387344,0.744999885559082,10.0739998817,49,0,3023.8250000476837,0.9999999999979592,887.8050000667572,2136.01999998,42,0,1.045,,
m15j50d20p40_5.csv.out,15,50,20,40,5,47,0,10.82699990272522,0.783579176957946,0.7420001029968262,10.0849997997,48,0,2638.9670000076294,0.9999999999979167,658.9639999866486,1980.00300002,42,0,1.017,,
m15j50d20p40_6.csv.out,15,50,20,40,6,49,0,10.86300015449524,0.812347692087629,0.7899999618530273,10.0730001926,49,0,4938.125,0.28310657596314126,777.2630000114441,4160.86199999,38,0,1.029,,
m15j50d20p40_7.csv.out,15,50,20,40,7,49,0,10.828999996185303,0.8130424011730898,0.7409999370574951,10.0880000591,49,0,2597.156000137329,0.26054421768654207,581.460000038147,2015.6960001,40,0,1.001,,
m15j50d20p40_8.csv.out,15,50,20,40,8,49,0,10.830000162124634,0.561076730520706,0.7480001449584961,10.0820000172,49,0,3178.2309999465942,0.9999999999979592,719.3400001525879,2458.89099979,41,0,1.007,,
m15j50d20p40_9.csv.out,15,50,20,40,9,49,0,10.829999923706055,0.6885540091595825,0.7420001029968262,10.0879998207,47,0,3076.143000125885,0.9999999999978723,871.6909999847412,2204.45200014,41,0,1.036,,
m25j15d15p40_0.csv.out,25,15,15,40,0,9,1,0.9630000591278076,0.0,0.07000017166137695,0.892999887466,NA,NA,NA,NA,NA,NA
m25j15d15p40_1.csv.out,25,15,15,40,1,9,1,0.3360002040863037,0.0,0.07899999618530273,0.257000207901,NA,NA,NA,NA,NA,NA
m25j15d15p40_2.csv.out,25,15,15,40,2,7,0,10.10700011253357,0.14285714285510204,0.08000016212463379,10.0269999504,NA,NA,NA,NA,NA,NA
m25j15d15p40_3.csv.out,25,15,15,40,3,9,1,0.47099995613098145,0.0,0.07999992370605469,0.391000032425,NA,NA,NA,NA,NA,NA
m25j15d15p40_4.csv.out,25,15,15,40,4,9,1,1.2290000915527344,0.0,0.07999992370605469,1.14900016785,NA,NA,NA,NA,NA,NA
m25j15d15p40_5.csv.out,25,15,15,40,5,10,1,5.3429999351501465,0.0,0.07699990272521973,5.26600003242,NA,NA,NA,NA,NA,NA
m25j15d15p40_6.csv.out,25,15,15,40,6,8,1,2.248000144958496,0.0,0.07700014114379883,2.17100000381,NA,NA,NA,NA,NA,NA
m25j15d15p40_7.csv.out,25,15,15,40,7,10,1,1.2219998836517334,0.0,0.07599997520446777,1.14599990845,NA,NA,NA,NA,NA,NA
m25j15d15p40_8.csv.out,25,15,15,40,8,11,1,0.4159998893737793,0.0,0.07399988174438477,0.342000007629,NA,NA,NA,NA,NA,NA
m25j15d15p40_9.csv.out,25,15,15,40,9,9,1,0.36299991607666016,0.0,0.07800006866455078,0.284999847412,NA,NA,NA,NA,NA,NA
m25j15d25p40_0.csv.out,25,15,25,40,0,10,1,0.26999998092651367,0.0,0.07899999618530273,0.190999984741,NA,NA,NA,NA,NA,NA
m25j15d25p40_1.csv.out,25,15,25,40,1,9,1,0.28600001335144043,0.0,0.08599996566772461,0.200000047684,NA,NA,NA,NA,NA,NA
m25j15d25p40_2.csv.out,25,15,25,40,2,10,1,0.5929999351501465,0.0,0.07500004768371582,0.517999887466,NA,NA,NA,NA,NA,NA
m25j15d25p40_3.csv.out,25,15,25,40,3,11,1,0.34800004959106445,0.0,0.07299995422363281,0.275000095367,NA,NA,NA,NA,NA,NA
m25j15d25p40_4.csv.out,25,15,25,40,4,9,1,1.2379999160766602,0.0,0.07500004768371582,1.16299986839,NA,NA,NA,NA,NA,NA
m25j15d25p40_5.csv.out,25,15,25,40,5,9,1,0.7360000610351562,0.0,0.07899999618530273,0.65700006485,NA,NA,NA,NA,NA,NA
m25j15d25p40_6.csv.out,25,15,25,40,6,8,1,0.8799998760223389,0.0,0.07899999618530273,0.800999879837,NA,NA,NA,NA,NA,NA
m25j15d25p40_7.csv.out,25,15,25,40,7,8,1,0.33899998664855957,0.0,0.07699990272521973,0.262000083923,NA,NA,NA,NA,NA,NA
m25j15d25p40_8.csv.out,25,15,25,40,8,11,1,0.4890000820159912,0.0,0.0820000171661377,0.40700006485,NA,NA,NA,NA,NA,NA
m25j15d25p40_9.csv.out,25,15,25,40,9,10,1,0.27500009536743164,0.0,0.07899999618530273,0.196000099182,NA,NA,NA,NA,NA,NA
m25j25d15p40_0.csv.out,25,25,15,40,0,19,0,10.224999904632568,0.2812447245133382,0.18400001525878906,10.0409998894,NA,NA,NA,NA,NA,NA
m25j25d15p40_1.csv.out,25,25,15,40,1,18,0,10.253000020980835,0.22325931315723954,0.21399998664855957,10.0390000343,NA,NA,NA,NA,NA,NA
m25j25d15p40_2.csv.out,25,25,15,40,2,19,0,10.244999885559082,0.4736842105238226,0.20199990272521973,10.0429999828,NA,NA,NA,NA,NA,NA
m25j25d15p40_3.csv.out,25,25,15,40,3,18,0,10.223000049591064,0.3849186656294231,0.18799996376037598,10.0350000858,NA,NA,NA,NA,NA,NA
m25j25d15p40_4.csv.out,25,25,15,40,4,18,0,10.214000225067139,0.27777777777622825,0.18700003623962402,10.0270001888,NA,NA,NA,NA,NA,NA
m25j25d15p40_5.csv.out,25,25,15,40,5,17,0,10.21500015258789,0.17647058823425607,0.1809999942779541,10.0340001583,NA,NA,NA,NA,NA,NA
m25j25d15p40_6.csv.out,25,25,15,40,6,18,0,10.233000040054321,0.16666666666574076,0.18899989128112793,10.0440001488,NA,NA,NA,NA,NA,NA
m25j25d15p40_7.csv.out,25,25,15,40,7,20,0,10.236000061035156,0.09999999999950089,0.19000005722045898,10.0460000038,NA,NA,NA,NA,NA,NA
m25j25d15p40_8.csv.out,25,25,15,40,8,19,0,10.221999883651733,0.3157894736825481,0.18499994277954102,10.0369999409,NA,NA,NA,NA,NA,NA
m25j25d15p40_9.csv.out,25,25,15,40,9,20,0,10.22000002861023,0.2499999999987413,0.18799996376037598,10.0320000648,NA,NA,NA,NA,NA,NA
m25j25d25p40_0.csv.out,25,25,25,40,0,15,0,10.240000009536743,0.13333333333244457,0.19300007820129395,10.0469999313,NA,NA,NA,NA,NA,NA
m25j25d25p40_1.csv.out,25,25,25,40,1,17,0,10.269000053405762,0.3529411764685119,0.21300005912780762,10.0559999943,NA,NA,NA,NA,NA,NA
m25j25d25p40_2.csv.out,25,25,25,40,2,16,0,10.231000185012817,0.062499999999609826,0.18700003623962402,10.0440001488,NA,NA,NA,NA,NA,NA
m25j25d25p40_3.csv.out,25,25,25,40,3,17,0,10.22000002861023,0.23529411764567465,0.18200016021728516,10.0379998684,NA,NA,NA,NA,NA,NA
m25j25d25p40_4.csv.out,25,25,25,40,4,16,0,10.220999956130981,0.31249999999803735,0.19000005722045898,10.0309998989,NA,NA,NA,NA,NA,NA
m25j25d25p40_5.csv.out,25,25,25,40,5,18,1,2.4549999237060547,0.0,0.19099998474121094,2.26399993896,NA,NA,NA,NA,NA,NA
m25j25d25p40_6.csv.out,25,25,25,40,6,19,0,10.229000091552734,0.15565875472913554,0.19099998474121094,10.0380001068,NA,NA,NA,NA,NA,NA
m25j25d25p40_7.csv.out,25,25,25,40,7,17,0,10.231000185012817,0.35294117646850953,0.19500017166137695,10.0360000134,NA,NA,NA,NA,NA,NA
m25j25d25p40_8.csv.out,25,25,25,40,8,15,0,10.26199984550476,0.39047619047358756,0.21700000762939453,10.0449998379,NA,NA,NA,NA,NA,NA
m25j25d25p40_9.csv.out,25,25,25,40,9,18,0,10.23200011253357,0.2777777777762342,0.18899989128112793,10.0430002213,NA,NA,NA,NA,NA,NA
m25j30d20p05_0.csv.out,25,30,20,05,0,12,0,10.312999963760376,0.6666666666611111,0.2630000114440918,10.0499999523,9,1,13.891999959945679,0.0,7.325000047683716,6.56699991226,13,0,1.018,,
m25j30d20p05_1.csv.out,25,30,20,05,1,14,0,10.315999984741211,0.7857142857086715,0.2669999599456787,10.0490000248,11,1,14.009999990463257,0.0,7.141999959945679,6.86800003052,15,0,1.027,,
m25j30d20p05_2.csv.out,25,30,20,05,2,15,0,10.315999984741211,0.6666666666622104,0.2630000114440918,10.0529999733,11,1,21.164999961853027,0.0,6.384999990463257,14.7799999714,18,0,1.024,,
m25j30d20p05_3.csv.out,25,30,20,05,3,12,0,10.316999912261963,0.9999999999916662,0.26999998092651367,10.0469999313,9,1,34.055999994277954,0.0,7.439000129699707,26.6169998646,17,0,1.048,,
m25j30d20p05_4.csv.out,25,30,20,05,4,14,0,10.312999963760376,0.7857142857086717,0.2690000534057617,10.0439999104,10,1,26.570000171661377,0.0,6.396000146865845,20.1740000248,18,0,1.045,,
m25j30d20p05_5.csv.out,25,30,20,05,5,10,0,10.311999797821045,0.8999999999909997,0.2649998664855957,10.0469999313,8,1,40.36500000953674,0.0,6.644000053405762,33.7209999561,13,0,1.068,,
m25j30d20p05_6.csv.out,25,30,20,05,6,9,0,10.313000202178955,0.7222222222141967,0.26999998092651367,10.0430002213,7,1,17.93500018119812,0.0,6.453000068664551,11.4820001125,11,0,0.998,,
m25j30d20p05_7.csv.out,25,30,20,05,7,10,0,10.31600022315979,0.8999999999909982,0.2710001468658447,10.0450000763,8,1,9.630000114440918,0.0,5.246000051498413,4.38400006294,14,0,1.017,,
m25j30d20p05_8.csv.out,25,30,20,05,8,15,0,10.32099986076355,0.7333333333284427,0.26199984550476074,10.0590000153,12,1,17.524999856948853,0.0,8.526000022888184,8.99899983406,18,0,1.033,,
m25j30d20p05_9.csv.out,25,30,20,05,9,11,0,10.309000015258789,0.8181818181743788,0.2560000419616699,10.0529999733,8,1,13.931999921798706,0.0,6.50600004196167,7.42599987984,17,0,1.077,,
m25j30d20p10_0.csv.out,25,30,20,10,0,20,0,10.32200002670288,0.54999999999725,0.2630000114440918,10.0590000153,19,1,83.9300000667572,0.0,30.27300000190735,53.6570000648,21,0,1.028,,
m25j30d20p10_1.csv.out,25,30,20,10,1,14,0,10.352999925613403,0.6428571428525501,0.30500006675720215,10.0479998589,12,1,60.694000005722046,0.0,20.23099994659424,40.4630000591,13,0,1.021,,
m25j30d20p10_2.csv.out,25,30,20,10,2,20,0,10.313999891281128,0.4499999999977426,0.2689998149871826,10.0450000763,18,1,77.20000004768372,0.0,25.935999870300293,51.2640001774,21,0,1.017,,
m25j30d20p10_3.csv.out,25,30,20,10,3,19,0,10.300999879837036,0.7894736842063713,0.26200008392333984,10.0389997959,15,1,70.58700013160706,0.0,21.183000087738037,49.4040000439,20,0,1.047,,
m25j30d20p10_4.csv.out,25,30,20,10,4,17,0,10.297999858856201,0.8235294117598587,0.25999999046325684,10.0379998684,15,1,54.46900010108948,0.0,20.378999948501587,34.0900001526,19,0,1.097,,
m25j30d20p10_5.csv.out,25,30,20,10,5,13,0,10.315999984741211,0.7692307692248499,0.2719998359680176,10.0440001488,10,1,107.79800009727478,0.0,14.907000064849854,92.8910000324,15,0,1.017,,
m25j30d20p10_6.csv.out,25,30,20,10,6,18,0,10.319000005722046,0.7222222222182095,0.2649998664855957,10.0540001392,16,1,64.49000000953674,0.0,21.91000008583069,42.5799999237,21,0,1.025,,
m25j30d20p10_7.csv.out,25,30,20,10,7,16,0,10.336999893188477,0.6874999999956996,0.2850000858306885,10.0519998074,14,1,214.19799995422363,0.0,19.358999967575073,194.838999987,17,0,1.035,,
m25j30d20p10_8.csv.out,25,30,20,10,8,17,0,10.364000082015991,0.5882352941141862,0.3080000877380371,10.0559999943,15,1,318.05400013923645,0.0,25.641000032424927,292.413000107,20,0,1.033,,
m25j30d20p10_9.csv.out,25,30,20,10,9,21,0,10.365999937057495,0.6666666666633552,0.315000057220459,10.0509998798,16,1,570.1150000095367,0.0,23.01200008392334,547.102999926,21,0,1.064,,
m25j30d20p20_0.csv.out,25,30,20,20,0,22,0,10.319999933242798,0.4545454545433795,0.2670001983642578,10.0529997349,18,1,1276.279000043869,0.0,88.29099988937378,1187.98800015,21,0,1.06,,
m25j30d20p20_1.csv.out,25,30,20,20,1,23,0,10.325999975204468,0.5652173913018902,0.2720000743865967,10.0539999008,18,1,740.4429998397827,0.0,85.21199989318848,655.230999947,22,0,0.996,,
m25j30d20p20_2.csv.out,25,30,20,20,2,20,0,10.309999942779541,0.549999999997132,0.26600003242492676,10.0439999104,18,1,345.89400005340576,0.0,92.46800017356873,253.42599988,20,0,1.005,,
m25j30d20p20_3.csv.out,25,30,20,20,3,19,0,10.299000024795532,0.42105263157673134,0.2590000629425049,10.0399999619,17,1,197.26600003242493,0.0,63.812999963760376,133.453000069,19,0,1.016,,
m25j30d20p20_4.csv.out,25,30,20,20,4,18,0,10.315999984741211,0.27777777777617263,0.26999998092651367,10.0460000038,17,0,1891.835000038147,0.09660341170695734,87.0569999217987,1804.77800012,20,0,1.037,,
m25j30d20p20_5.csv.out,25,30,20,20,5,20,0,10.310999870300293,0.34999999999824427,0.2709999084472656,10.0399999619,18,1,246.41100001335144,0.0,76.87600016593933,169.534999847,20,0,1.032,,
m25j30d20p20_6.csv.out,25,30,20,20,6,20,0,10.331000089645386,0.5499999999972499,0.2649998664855957,10.0660002232,17,1,657.5360000133514,0.0,71.31599998474121,586.220000029,19,0,1.05,,
m25j30d20p20_7.csv.out,25,30,20,20,7,21,0,10.35699987411499,0.4665224789382125,0.29199981689453125,10.0650000572,20,1,342.52699995040894,0.0,87.98699998855591,254.539999962,24,0,1.02,,
m25j30d20p20_8.csv.out,25,30,20,20,8,20,0,10.371999979019165,0.34999999999825077,0.32000017166137695,10.0519998074,17,1,1131.7720000743866,0.0,88.50500011444092,1043.26699996,20,0,1.036,,
m25j30d20p20_9.csv.out,25,30,20,20,9,19,0,10.327999830245972,0.42105263157672845,0.2869999408721924,10.0409998894,17,1,1750.4479999542236,0.0,75.11400008201599,1675.33399987,21,0,1.001,,
m25j30d20p40_0.csv.out,25,30,20,40,0,23,0,10.370000123977661,0.2608695652162565,0.315000057220459,10.0550000668,29,0,2884.677999973297,0.24997798972767782,310.07599997520447,2574.602,24,0,0.997,,
m25j30d20p40_1.csv.out,25,30,20,40,1,23,0,10.388999938964844,0.3478260869550084,0.34200000762939453,10.0469999313,28,0,2377.576000213623,0.9999999999964286,427.14200019836426,1950.43400002,24,0,1.027,,
m25j30d20p40_2.csv.out,25,30,20,40,2,23,0,10.389999866485596,0.26086956521625215,0.33299994468688965,10.0569999218,29,0,2619.7330000400543,0.9999999999965518,395.8770000934601,2223.85599995,24,0,0.998,,
m25j30d20p40_3.csv.out,25,30,20,40,3,21,0,10.311000108718872,0.4285714285693834,0.2690000534057617,10.0420000553,19,1,2367.963000059128,0.0,261.38100004196167,2106.58200002,21,0,0.994,,
m25j30d20p40_4.csv.out,25,30,20,40,4,23,0,10.299999952316284,0.3478260869550011,0.25100016593933105,10.0489997864,28,0,3745.7430000305176,0.21071428571353326,326.5050001144409,3419.23799992,25,0,1.143,,
m25j30d20p40_5.csv.out,25,30,20,40,5,20,0,10.299000024795532,0.24999999999874967,0.25,10.0490000248,21,0,2613.7009999752045,0.08796269090344856,319.2699999809265,2294.43099999,23,0,1.035,,
m25j30d20p40_6.csv.out,25,30,20,40,6,21,0,10.315999984741211,0.19047619047528178,0.26800012588500977,10.0479998589,29,0,2201.2549998760223,0.3229753872680028,323.16100001335144,1878.09399986,21,0,1.036,,
m25j30d20p40_7.csv.out,25,30,20,40,7,23,0,10.30299997329712,0.4927536231862632,0.2630000114440918,10.0399999619,28,0,3935.6019999980927,0.3163265306111152,367.8359999656677,3567.76600003,21,0,1.04,,
m25j30d20p40_8.csv.out,25,30,20,40,8,23,0,10.316999912261963,0.3043478260856319,0.26399993896484375,10.0529999733,28,0,2339.4430000782013,0.9999999999964286,415.81500005722046,1923.62800002,24,0,0.999,,
m25j30d20p40_9.csv.out,25,30,20,40,9,23,0,10.309000015258789,0.3478260869550082,0.26600003242492676,10.0429999828,29,0,2639.677999973297,0.9999999999965518,409.94200015068054,2229.73599982,24,0,1.074,,
m25j40d20p05_0.csv.out,25,40,20,05,0,26,0,10.533999919891357,0.9230769230733729,0.46399998664855957,10.0699999332,14,1,48.281999826431274,0.0,22.244999885559082,26.0369999409,22,0,1.033,,
m25j40d20p05_1.csv.out,25,40,20,05,1,28,0,10.490999937057495,0.892857142853954,0.44300007820129395,10.0479998589,16,1,37.68299984931946,0.0,19.200999975204468,18.4819998741,25,0,1.054,,
m25j40d20p05_2.csv.out,25,40,20,05,2,30,0,10.511000156402588,0.8999999999970001,0.4500000476837158,10.0610001087,17,1,24.51699995994568,0.0,15.72000002861023,8.79699993134,25,0,1.024,,
m25j40d20p05_3.csv.out,25,40,20,05,3,26,0,10.56000018119812,0.9613227893564752,0.5019998550415039,10.0580003262,12,0,1815.8029999732971,0.083333333332638,13.960000038146973,1801.84299994,21,0,1.053,,
m25j40d20p05_4.csv.out,25,40,20,05,4,26,0,10.561999797821045,0.6538461538436356,0.5049998760223389,10.0569999218,20,1,46.63300013542175,0.0,22.359000205993652,24.2739999294,26,0,1.107,,
m25j40d20p05_5.csv.out,25,40,20,05,5,33,0,10.513999938964844,0.9424242424213956,0.44899988174438477,10.0650000572,14,1,42.89299988746643,0.0,14.591000080108643,28.3019998074,27,0,0.997,,
m25j40d20p05_6.csv.out,25,40,20,05,6,26,0,10.528000116348267,0.9230769230733722,0.4650001525878906,10.0629999638,13,1,76.03400015830994,0.0,14.611999988555908,61.4220001698,24,0,1.039,,
m25j40d20p05_7.csv.out,25,40,20,05,7,26,0,10.51799988746643,0.9230769230733724,0.4629998207092285,10.0550000668,16,1,26.753999948501587,0.0,13.000999927520752,13.753000021,27,0,1.016,,
m25j40d20p05_8.csv.out,25,40,20,05,8,28,0,10.522000074386597,0.8214285714256379,0.46200013160705566,10.0599999428,13,1,40.97699999809265,0.0,14.347000122070312,26.629999876,26,0,1.017,,
m25j40d20p05_9.csv.out,25,40,20,05,9,23,0,10.508999824523926,0.8695652173875221,0.45799994468688965,10.0509998798,14,1,82.74100017547607,0.0,19.308000087738037,63.4330000877,21,0,1.047,,
m25j40d20p10_0.csv.out,25,40,20,10,0,30,0,10.514000177383423,0.8333333333305533,0.45600008964538574,10.0580000877,22,0,1884.8250000476837,0.06147771448748681,80.625,1804.20000005,28,0,1.001,,
m25j40d20p10_1.csv.out,25,40,20,10,1,31,0,10.509999990463257,0.7620967741910887,0.4419999122619629,10.0680000782,27,1,381.0260000228882,0.0,72.17600011825562,308.849999905,31,0,1.008,,
m25j40d20p10_2.csv.out,25,40,20,10,2,28,0,10.513000011444092,0.7499999999973195,0.45600008964538574,10.0569999218,22,1,220.32299995422363,0.0,55.48699998855591,164.835999966,27,0,1.008,,
m25j40d20p10_3.csv.out,25,40,20,10,3,32,0,10.532000064849854,0.7178844525000739,0.46900010108947754,10.0629999638,25,1,1204.8109998703003,0.0,53.973999977111816,1150.83699989,31,0,1.075,,
m25j40d20p10_4.csv.out,25,40,20,10,4,30,0,10.509000062942505,0.8333333333305556,0.4530000686645508,10.0559999943,21,1,118.9210000038147,0.0,47.69999980926514,71.2210001945,25,0,1.007,,
m25j40d20p10_5.csv.out,25,40,20,10,5,35,0,10.531000137329102,0.7999999999977141,0.4779999256134033,10.0530002117,25,0,1878.3489999771118,0.05735939741928867,73.63800001144409,1804.71099997,31,0,1.005,,
m25j40d20p10_6.csv.out,25,40,20,10,6,31,0,10.51800012588501,0.7092565181850025,0.46400022506713867,10.0539999008,22,1,421.6380000114441,0.0,55.48899984359741,366.149000168,30,0,1.041,,
m25j40d20p10_7.csv.out,25,40,20,10,7,30,0,10.519000053405762,0.7999999999973332,0.45600008964538574,10.0629999638,23,1,364.23600006103516,0.0,49.16300010681152,315.072999954,26,0,1.013,,
m25j40d20p10_8.csv.out,25,40,20,10,8,31,0,10.534000158309937,0.7741935483845994,0.46399998664855957,10.0700001717,20,1,583.9579999446869,0.0,48.5789999961853,535.378999949,24,0,1.009,,
m25j40d20p10_9.csv.out,25,40,20,10,9,30,0,10.555999994277954,0.6999999999976634,0.48199987411499023,10.0740001202,22,1,232.67600011825562,0.0,50.771000146865845,181.904999971,30,0,1.02,,
m25j40d20p20_0.csv.out,25,40,20,20,0,35,0,10.558000087738037,0.5714285714269384,0.4909999370574951,10.0670001507,27,0,2066.753000020981,0.05383777804022185,257.414999961853,1809.33800006,29,0,1.016,,
m25j40d20p20_1.csv.out,25,40,20,20,1,32,0,10.528000116348267,0.46874999999853467,0.4660000801086426,10.0620000362,28,1,826.9720001220703,0.0,216.65199995040894,610.320000172,33,0,1.024,,
m25j40d20p20_2.csv.out,25,40,20,20,2,30,0,10.504999876022339,0.49999999999827616,0.4479999542236328,10.0569999218,28,0,2022.0380001068115,0.12147049205378187,212.63900017738342,1809.39899993,27,0,1.053,,
m25j40d20p20_3.csv.out,25,40,20,20,3,37,0,10.51200008392334,0.5675675675660331,0.45600008964538574,10.0559999943,28,0,2093.7539999485016,0.040059530635483204,247.14100003242493,1846.61299992,32,0,1.074,,
m25j40d20p20_4.csv.out,25,40,20,20,4,31,0,10.521000146865845,0.5161290322563963,0.4630000591278076,10.0580000877,27,0,2079.255000114441,0.06984297595861373,269.0840001106262,1810.171,30,0,1.037,,
m25j40d20p20_5.csv.out,25,40,20,20,5,34,0,10.528000116348267,0.7058823529391003,0.45600008964538574,10.0720000267,38,0,2002.3310000896454,0.9999999999973683,192.34600019454956,1809.9849999,26,0,1.014,,
m25j40d20p20_6.csv.out,25,40,20,20,6,34,0,10.55299997329712,0.5580295875131126,0.46200013160705566,10.0909998417,30,1,740.9809999465942,0.0,224.6050000190735,516.375999928,32,0,1.001,,
m25j40d20p20_7.csv.out,25,40,20,20,7,34,0,10.555999994277954,0.6764705882333043,0.4719998836517334,10.0840001106,25,0,2045.9920001029968,0.06226560536213035,210.16799998283386,1835.82400012,29,0,1.05,,
m25j40d20p20_8.csv.out,25,40,20,20,8,30,0,10.51799988746643,0.5666666666647777,0.4590001106262207,10.0589997768,27,0,2030.7469999790192,0.04725106601161763,221.8439998626709,1808.90300012,30,0,1.044,,
m25j40d20p20_9.csv.out,25,40,20,20,9,33,0,10.51200008392334,0.575757575755831,0.4570000171661377,10.0550000668,29,0,2237.2460000514984,0.06708401751482061,308.36899995803833,1928.87700009,32,0,1.003,,
m25j40d20p40_0.csv.out,25,40,20,40,0,36,0,10.523000001907349,0.5246913580232339,0.46399998664855957,10.0590000153,39,0,3246.079999923706,0.9999999999974358,990.7309999465942,2255.34899998,33,0,1.031,,
m25j40d20p40_1.csv.out,25,40,20,40,1,31,0,10.489000082015991,0.41935483870831824,0.4460000991821289,10.0429999828,39,0,3349.9930000305176,0.9999999999974358,989.5520000457764,2360.44099998,32,0,1.025,,
m25j40d20p40_2.csv.out,25,40,20,40,2,35,0,10.509999990463257,0.42857142857020397,0.4570000171661377,10.0529999733,39,0,3368.792999982834,0.9999999999974358,860.3340001106262,2508.45899987,33,0,1.03,,
m25j40d20p40_3.csv.out,25,40,20,40,3,32,0,10.51200008392334,0.4031249999987404,0.45600008964538574,10.0559999943,39,0,3522.0889999866486,0.9999999999974358,1029.9560000896454,2492.1329999,32,0,0.996,,
m25j40d20p40_4.csv.out,25,40,20,40,4,37,0,10.5239999294281,0.5932432432416397,0.46700000762939453,10.0569999218,39,0,4878.073999881744,0.9999999999974358,1083.236999988556,3794.83699989,32,0,1.046,,
m25j40d20p40_5.csv.out,25,40,20,40,5,35,0,10.526999950408936,0.5714285714269386,0.46000003814697266,10.0669999123,39,0,3780.388000011444,0.9999999999974358,1105.00200009346,2675.38599992,27,0,1.016,,
m25j40d20p40_6.csv.out,25,40,20,40,6,35,0,10.524999856948853,0.4571428571415506,0.46199989318847656,10.0629999638,39,0,2927.6349999904633,0.9999999999974358,1016.6269998550415,1911.00800014,33,0,1.018,,
m25j40d20p40_7.csv.out,25,40,20,40,7,33,0,10.52999997138977,0.3932528165265989,0.47300004959106445,10.0569999218,39,0,4069.125,0.9999999999974358,930.3810000419617,3138.74399996,32,0,1.058,,
m25j40d20p40_8.csv.out,25,40,20,40,8,34,0,10.509000062942505,0.5294117647043253,0.45399999618530273,10.0550000668,39,0,4425.596999883652,0.9999999999974358,835.4359998703003,3590.16100001,33,0,0.995,,
m25j40d20p40_9.csv.out,25,40,20,40,9,35,0,10.528000116348267,0.4857142857128963,0.45800018310546875,10.0699999332,38,0,2969.3680000305176,0.9999999999973683,773.569000005722,2195.79900002,31,0,0.995,,
m25j50d20p05_0.csv.out,25,50,20,05,0,43,0,10.964999914169312,0.9069767441839373,0.875,10.0899999142,16,1,91.35600018501282,0.0,27.98200011253357,63.3740000725,29,0,1.017,,
m25j50d20p05_1.csv.out,25,50,20,05,1,42,0,10.823000192642212,0.9521604938248934,0.7450001239776611,10.0780000687,20,1,194.02900004386902,0.0,40.764999866485596,153.264000177,31,0,1.063,,
m25j50d20p05_2.csv.out,25,50,20,05,2,40,0,10.782000064849854,0.8999999999977499,0.7070000171661377,10.0750000477,22,1,66.12999987602234,0.0,33.236000061035156,32.893999815,30,0,1.034,,
m25j50d20p05_3.csv.out,25,50,20,05,3,43,0,10.812999963760376,0.9069767441839373,0.7170000076293945,10.0959999561,23,1,446.7850000858307,0.0,34.49000000953674,412.295000076,36,0,1.091,,
m25j50d20p05_4.csv.out,25,50,20,05,4,40,0,10.782999992370605,0.9749999999975625,0.7030000686645508,10.0799999237,20,1,149.08700013160706,0.0,33.73300004005432,115.354000092,30,0,1.02,,
m25j50d20p05_5.csv.out,25,50,20,05,5,45,0,10.861000061035156,0.9108960573456458,0.7480001449584961,10.1129999161,20,1,242.79299998283386,0.0,35.94599986076355,206.847000122,29,0,1.026,,
m25j50d20p05_6.csv.out,25,50,20,05,6,43,0,11.067000150680542,0.9302325581373715,0.9720001220703125,10.0950000286,19,0,1841.1959998607635,0.0612409441234269,35.42899990081787,1805.76699996,28,0,1.033,,
m25j50d20p05_7.csv.out,25,50,20,05,7,44,0,10.802000045776367,0.8862291554579105,0.7249999046325684,10.0770001411,25,1,91.10800004005432,0.0,42.98199987411499,48.1260001659,34,0,1.046,,
m25j50d20p05_8.csv.out,25,50,20,05,8,43,0,10.80299997329712,0.9534883720908058,0.7190001010894775,10.0839998722,17,0,1845.856999874115,0.07612438314963818,30.32099986076355,1815.53600001,30,0,0.997,,
m25j50d20p05_9.csv.out,25,50,20,05,9,44,0,10.816999912261963,0.931818181816064,0.7269999980926514,10.0899999142,20,0,1832.9680001735687,0.05196726362220426,27.746000051498413,1805.22200012,31,0,1.029,,
m25j50d20p10_0.csv.out,25,50,20,10,0,47,0,10.792999982833862,0.7659574468068809,0.7130000591278076,10.0799999237,34,0,1957.356999874115,0.05425365348731366,150.40000009536743,1806.95699978,39,0,1.007,,
m25j50d20p10_1.csv.out,25,50,20,10,1,48,0,10.807000160217285,0.8322109988759318,0.7190001010894775,10.0880000591,31,0,1931.8849999904633,0.0726858257803321,125.47699999809265,1806.40799999,37,0,1.009,,
m25j50d20p10_2.csv.out,25,50,20,10,2,49,0,10.829999923706055,0.8665280927168004,0.752000093460083,10.0779998302,32,0,1941.9070000648499,0.04578235152856839,134.39000010490417,1807.51699996,40,0,1.097,,
m25j50d20p10_3.csv.out,25,50,20,10,3,47,0,10.799999952316284,0.8721195612143705,0.7160000801086426,10.0839998722,29,0,1924.9349999427795,0.07672439863556081,118.74899983406067,1806.18600011,38,0,1.022,,
m25j50d20p10_4.csv.out,25,50,20,10,4,45,0,10.800000190734863,0.8883940339903948,0.7170000076293945,10.0830001831,29,0,1943.8849999904633,0.040021400995030806,137.10899996757507,1806.77600002,38,0,0.998,,
m25j50d20p10_5.csv.out,25,50,20,10,5,46,0,10.801000118255615,0.8897296800116705,0.7160000801086426,10.0850000381,29,0,1942.0789999961853,0.09499302211632786,135.50600004196167,1806.57299995,35,0,1.009,,
m25j50d20p10_6.csv.out,25,50,20,10,6,48,0,10.810999870300293,0.7706392339528456,0.7229998111724854,10.0880000591,33,0,1954.6499998569489,0.07867878689562595,147.74000000953674,1806.90999985,38,0,1.054,,
m25j50d20p10_7.csv.out,25,50,20,10,7,46,0,10.805999994277954,0.8260869565199421,0.7309999465942383,10.0750000477,33,1,353.56900000572205,0.0,129.7039999961853,223.86500001,39,0,1.081,,
m25j50d20p10_8.csv.out,25,50,20,10,8,46,0,10.805000066757202,0.8457155567868262,0.7219998836517334,10.0830001831,29,1,981.0090000629425,0.0,126.44799995422363,854.561000109,36,0,1.04,,
m25j50d20p10_9.csv.out,25,50,20,10,9,48,0,10.801000118255615,0.8228998384473972,0.7369999885559082,10.0640001297,34,0,1948.1319999694824,0.04999456653101374,141.41100001335144,1806.72099996,42,0,1.018,,
m25j50d20p20_0.csv.out,25,50,20,20,0,48,0,10.799000024795532,0.6145833333320527,0.7200000286102295,10.0789999962,39,0,2471.215000152588,0.1070664877014619,516.6600000858307,1954.55500007,42,0,1.053,,
m25j50d20p20_1.csv.out,25,50,20,20,1,48,0,10.819000005722046,0.6452583310924473,0.7260000705718994,10.0929999352,39,0,2477.776999950409,0.10495410738409723,536.4670000076294,1941.30999994,40,0,1.079,,
m25j50d20p20_2.csv.out,25,50,20,20,2,47,0,10.805000066757202,0.6808510638283387,0.7290000915527344,10.0759999752,48,0,2268.0400002002716,0.3002307685541996,444.5859999656677,1823.45400023,40,0,1.02,,
m25j50d20p20_3.csv.out,25,50,20,20,3,48,0,10.82200002670288,0.8695955286370891,0.7310001850128174,10.0909998417,35,0,2432.2699999809265,0.05877150860327322,544.867999792099,1887.40200019,41,0,1.053,,
m25j50d20p20_4.csv.out,25,50,20,20,4,47,0,10.780999898910522,0.8503158244662758,0.7070000171661377,10.0739998817,32,0,2297.175999879837,0.06976256735836354,388.3220000267029,1908.85399985,38,0,0.995,,
m25j50d20p20_5.csv.out,25,50,20,20,5,49,0,10.805999994277954,0.8140193515504883,0.7230000495910645,10.0829999447,33,0,2325.21799993515,0.05373376623360307,422.80599999427795,1902.41199994,40,0,1.055,,
m25j50d20p20_6.csv.out,25,50,20,20,6,48,0,10.796000003814697,0.7899051340194098,0.7159998416900635,10.0800001621,33,1,1320.1340000629425,0.0,404.52500009536743,915.608999968,37,0,0.997,,
m25j50d20p20_7.csv.out,25,50,20,20,7,48,0,10.823999881744385,0.687425727865472,0.7269999980926514,10.0969998837,37,1,2123.7569999694824,0.0,455.3070001602173,1668.44999981,41,0,1.076,,
m25j50d20p20_8.csv.out,25,50,20,20,8,49,0,10.805000066757202,0.8352447569402026,0.7319998741149902,10.0730001926,35,0,2510.2490000724792,0.1423987776924888,552.8120000362396,1957.43700004,38,0,1.042,,
m25j50d20p20_9.csv.out,25,50,20,20,9,49,0,10.817999839782715,0.6938005390821415,0.7239999771118164,10.0939998627,37,1,1753.7320001125336,0.0,470.5699999332428,1283.16200018,42,0,1.036,,
m25j50d20p40_0.csv.out,25,50,20,40,0,48,0,10.80299997329712,0.7060048783575772,0.7139999866485596,10.0889999866,49,0,3927.659999847412,0.9999999999979592,1929.4089999198914,1998.25099993,39,0,1.024,,
m25j50d20p40_1.csv.out,25,50,20,40,1,49,0,10.792999982833862,0.6116220431907156,0.7200000286102295,10.0729999542,49,0,5198.456000089645,0.9999999999979592,2013.7300000190735,3184.72600007,41,0,1.026,,
m25j50d20p40_2.csv.out,25,50,20,40,2,48,0,10.814000129699707,0.5104166666656033,0.7300000190734863,10.0840001106,48,0,6546.690999984741,0.9999999999979167,2207.2030000686646,4339.48799992,44,0,1.015,,
m25j50d20p40_3.csv.out,25,50,20,40,3,49,0,10.79099988937378,0.7127161761638261,0.7069997787475586,10.0840001106,49,0,5131.876000165939,0.9999999999979592,1953.5770001411438,3178.29900002,43,0,1.014,,
m25j50d20p40_4.csv.out,25,50,20,40,4,49,0,10.808000087738037,0.5705196661792773,0.7209999561309814,10.0870001316,49,0,3688.861000061035,0.9999999999979592,1791.744000196457,1897.11699986,41,0,1.065,,
m25j50d20p40_5.csv.out,25,50,20,40,5,49,0,10.826000213623047,0.5299958909727576,0.7269999980926514,10.0990002155,49,0,6993.31299996376,0.9999999999979592,1904.9989998340607,5088.31400013,41,0,1.002,,
m25j50d20p40_6.csv.out,25,50,20,40,6,49,0,10.776000022888184,0.6644248520794528,0.7000000476837158,10.0759999752,49,0,5090.513999938965,0.9999999999979592,1903.486999988556,3187.02699995,40,0,1.035,,
m25j50d20p40_7.csv.out,25,50,20,40,7,48,0,10.800999879837036,0.7476218416545359,0.7160000801086426,10.0849997997,48,0,6711.266999959946,0.9999999999979167,2190.6409997940063,4520.62600017,41,0,1.025,,
m25j50d20p40_8.csv.out,25,50,20,40,8,49,0,10.80299997329712,0.789526343039775,0.7219998836517334,10.0810000896,49,0,4163.87700009346,0.9999999999979592,1981.5069999694824,2182.37000012,43,0,1.018,,
m25j50d20p40_9.csv.out,25,50,20,40,9,48,0,10.796000003814697,0.5815166279929089,0.7049999237060547,10.0910000801,48,0,6946.551000118256,0.9999999999979167,2309.6109998226166,4636.9400003,40,0,1.018,,