file,m,j,d,p,i,rpfguan_solution,rpfguan_optimal,rpfguan_time,rpfguangap,rpfguanbuild_time,rpfguan_solution_time,tbasedw_solution,tbasedw_optimal,tbasedw_time,tbasedwgap,tbasedwbuild_time,tbasedw_solution_time
m15j15d15p05_0.csv.out,15,15,15,05,0,3,1,1.6640000343322754,0.0,0.12999987602233887,1.53400015831,3,1,3.31499981880188,0.0,1.0069999694824219,2.30799984932
m15j15d15p05_1.csv.out,15,15,15,05,1,3,1,4.995000123977661,0.0,0.1490001678466797,4.84599995613,3,1,5.3420000076293945,0.0,2.375999927520752,2.96600008011
m15j15d15p05_2.csv.out,15,15,15,05,2,3,1,0.9170000553131104,0.0,0.08500003814697266,0.832000017166,3,1,3.128999948501587,0.0,0.9219999313354492,2.20700001717
m15j15d15p05_3.csv.out,15,15,15,05,3,3,1,6.121999979019165,0.0,0.08899998664855957,6.03299999237,3,1,2.7170000076293945,0.0,1.3350000381469727,1.38199996948
m15j15d15p05_4.csv.out,15,15,15,05,4,4,1,17.670000076293945,0.0,0.08299994468688965,17.5870001316,4,1,4.188999891281128,0.0,1.5239999294281006,2.66499996185
m15j15d15p05_5.csv.out,15,15,15,05,5,3,1,0.2349998950958252,0.0,0.04999995231628418,0.18499994278,3,1,2.361999988555908,0.0,1.0230000019073486,1.33899998665
m15j15d15p05_6.csv.out,15,15,15,05,6,3,1,2.6710000038146973,0.0,0.0839998722076416,2.58700013161,3,1,3.696000099182129,0.0,0.8900001049041748,2.80599999428
m15j15d15p05_7.csv.out,15,15,15,05,7,3,1,0.6660001277923584,0.0,0.04699993133544922,0.619000196457,3,1,1.877000093460083,0.0,0.9010000228881836,0.976000070572
m15j15d15p05_8.csv.out,15,15,15,05,8,4,1,2.3559999465942383,0.0,0.07300019264221191,2.28299975395,4,1,3.2819998264312744,0.0,1.2409999370574951,2.04099988937
m15j15d15p05_9.csv.out,15,15,15,05,9,3,1,0.7039999961853027,0.0,0.0559999942779541,0.648000001907,3,1,2.2760000228881836,0.0,0.9539999961853027,1.3220000267
m15j15d15p10_0.csv.out,15,15,15,10,0,6,1,9.585999965667725,0.0,0.04200005531311035,9.54399991035,6,1,7.516999959945679,0.0,2.8399999141693115,4.67700004578
m15j15d15p10_1.csv.out,15,15,15,10,1,5,1,1.1429998874664307,0.0,0.07399988174438477,1.06900000572,5,1,4.4709999561309814,0.0,1.625,2.84599995613
m15j15d15p10_2.csv.out,15,15,15,10,2,7,1,1.3429999351501465,0.0,0.039999961853027344,1.3029999733,7,1,4.041000127792358,0.0,2.0,2.04100012779
m15j15d15p10_3.csv.out,15,15,15,10,3,8,1,4.822999954223633,0.0,0.03899979591369629,4.78400015831,8,1,5.825000047683716,0.0,2.438999891281128,3.3860001564
m15j15d15p10_4.csv.out,15,15,15,10,4,3,1,0.4549999237060547,0.0,0.040000200271606445,0.414999723434,3,1,2.6050000190734863,0.0,1.2599999904632568,1.34500002861
m15j15d15p10_5.csv.out,15,15,15,10,5,5,1,1.2579998970031738,0.0,0.04499983787536621,1.21300005913,5,1,5.0269999504089355,0.0,2.308000087738037,2.71899986267
m15j15d15p10_6.csv.out,15,15,15,10,6,5,1,26.96399998664856,0.0,0.04699993133544922,26.9170000553,5,1,5.7190001010894775,0.0,2.2260000705718994,3.49300003052
m15j15d15p10_7.csv.out,15,15,15,10,7,6,1,1.0329999923706055,0.0,0.04499983787536621,0.988000154495,6,1,3.806999921798706,0.0,1.690000057220459,2.11699986458
m15j15d15p10_8.csv.out,15,15,15,10,8,6,1,4.669999837875366,0.0,0.039999961853027344,4.62999987602,6,1,5.011999845504761,0.0,1.9900000095367432,3.02199983597
m15j15d15p10_9.csv.out,15,15,15,10,9,6,1,2.0920000076293945,0.0,0.06299996376037598,2.02900004387,6,1,6.330000162124634,0.0,1.9670000076293945,4.3630001545
m15j15d15p20_0.csv.out,15,15,15,20,0,9,1,0.5639998912811279,0.0,0.03900003433227539,0.524999856949,9,1,20.562000036239624,0.0,6.55400013923645,14.007999897
m15j15d15p20_1.csv.out,15,15,15,20,1,10,1,0.16700005531311035,0.0,0.042999982833862305,0.124000072479,10,1,10.801000118255615,0.0,5.951000213623047,4.84999990463
m15j15d15p20_2.csv.out,15,15,15,20,2,7,1,0.8819999694824219,0.0,0.04399991035461426,0.838000059128,7,1,30.128000020980835,0.0,5.366000175476074,24.7619998455
m15j15d15p20_3.csv.out,15,15,15,20,3,7,1,0.8289999961853027,0.0,0.0409998893737793,0.788000106812,7,1,14.749000072479248,0.0,5.1600000858306885,9.58899998665
m15j15d15p20_4.csv.out,15,15,15,20,4,8,1,1.5890002250671387,0.0,0.039999961853027344,1.54900026321,8,1,10.94700002670288,0.0,4.854000091552734,6.09299993515
m15j15d15p20_5.csv.out,15,15,15,20,5,8,1,0.7160000801086426,0.0,0.039999961853027344,0.676000118256,8,1,15.416000127792358,0.0,4.871000051498413,10.5450000763
m15j15d15p20_6.csv.out,15,15,15,20,6,8,1,1.5699999332427979,0.0,0.039999961853027344,1.52999997139,8,1,33.355000019073486,0.0,5.891000032424927,27.4639999866
m15j15d15p20_7.csv.out,15,15,15,20,7,10,1,0.9360001087188721,0.0,0.04700016975402832,0.888999938965,10,1,13.885999917984009,0.0,5.934000015258789,7.95199990273
m15j15d15p20_8.csv.out,15,15,15,20,8,9,1,0.17799997329711914,0.0,0.03900003433227539,0.138999938965,9,1,19.58899998664856,0.0,9.062999963760376,10.5260000229
m15j15d15p20_9.csv.out,15,15,15,20,9,9,1,0.17600011825561523,0.0,0.03900003433227539,0.137000083923,9,1,10.365999937057495,0.0,5.0,5.36599993706
m15j15d15p40_0.csv.out,15,15,15,40,0,11,1,0.2909998893737793,0.0,0.0709998607635498,0.22000002861,11,1,71.22500014305115,0.0,26.754000186920166,44.4709999561
m15j15d15p40_1.csv.out,15,15,15,40,1,11,1,3.057000160217285,0.0,0.0709998607635498,2.98600029945,11,1,90.37100005149841,0.0,25.438999891281128,64.9320001602
m15j15d15p40_2.csv.out,15,15,15,40,2,11,1,0.2650001049041748,0.0,0.04799985885620117,0.217000246048,11,1,50.86299991607666,0.0,25.107999801635742,25.7550001144
m15j15d15p40_3.csv.out,15,15,15,40,3,10,1,0.21599984169006348,0.0,0.042999982833862305,0.172999858856,10,1,70.36999988555908,0.0,17.613999843597412,52.756000042
m15j15d15p40_4.csv.out,15,15,15,40,4,10,1,0.20199990272521973,0.0,0.04200005531311035,0.159999847412,10,1,81.70899987220764,0.0,19.26900005340576,62.4399998188
m15j15d15p40_5.csv.out,15,15,15,40,5,10,1,0.3659999370574951,0.0,0.0409998893737793,0.325000047684,10,1,48.008999824523926,0.0,23.615999937057495,24.3929998875
m15j15d15p40_6.csv.out,15,15,15,40,6,9,1,1.2639999389648438,0.0,0.04500007629394531,1.21899986267,9,1,46.026000022888184,0.0,16.42799997329712,29.5980000496
m15j15d15p40_7.csv.out,15,15,15,40,7,9,1,0.2650001049041748,0.0,0.04200005531311035,0.223000049591,9,1,46.6729998588562,0.0,19.312000036239624,27.3609998226
m15j15d15p40_8.csv.out,15,15,15,40,8,10,1,0.5199999809265137,0.0,0.039999961853027344,0.480000019073,10,1,52.425999879837036,0.0,20.063999891281128,32.3619999886
m15j15d15p40_9.csv.out,15,15,15,40,9,9,1,0.49199986457824707,0.0,0.042999982833862305,0.448999881744,9,1,25.747999906539917,0.0,13.577999830245972,12.1700000763
m15j15d25p05_0.csv.out,15,15,25,05,0,3,1,3.437999963760376,0.0,0.05200004577636719,3.38599991798,3,1,3.815999984741211,0.0,1.6600000858306885,2.15599989891
m15j15d25p05_1.csv.out,15,15,25,05,1,0,1,0.22899985313415527,0.0,0.05900001525878906,0.169999837875,0,1,1.187000036239624,0.0,0.5659999847412109,0.621000051498
m15j15d25p05_2.csv.out,15,15,25,05,2,0,1,0.26999998092651367,0.0,0.07400012016296387,0.195999860764,0,1,2.36899995803833,0.0,1.1449999809265137,1.22399997711
m15j15d25p05_3.csv.out,15,15,25,05,3,1,1,1.0420000553131104,0.0,0.07200002670288086,0.97000002861,1,1,2.434000015258789,0.0,1.1420001983642578,1.29199981689
m15j15d25p05_4.csv.out,15,15,25,05,4,2,1,0.24199986457824707,0.0,0.05900001525878906,0.182999849319,2,1,1.9590001106262207,0.0,0.7950000762939453,1.16400003433
m15j15d25p05_5.csv.out,15,15,25,05,5,0,1,0.1699998378753662,0.0,0.0709998607635498,0.0989999771118,0,1,1.8459999561309814,0.0,0.9110000133514404,0.93499994278
m15j15d25p05_6.csv.out,15,15,25,05,6,1,1,0.14599990844726562,0.0,0.059999942779541016,0.0859999656677,1,1,1.375,0.0,0.7779998779296875,0.59700012207
m15j15d25p05_7.csv.out,15,15,25,05,7,2,1,0.32399988174438477,0.0,0.07200002670288086,0.251999855042,2,1,2.3320000171661377,0.0,0.9709999561309814,1.36100006104
m15j15d25p05_8.csv.out,15,15,25,05,8,3,1,0.1530001163482666,0.0,0.05300021171569824,0.0999999046326,3,1,1.938999891281128,0.0,1.0439999103546143,0.894999980927
m15j15d25p05_9.csv.out,15,15,25,05,9,2,1,0.8340001106262207,0.0,0.0710000991821289,0.763000011444,2,1,4.308000087738037,0.0,0.8910000324249268,3.41700005531
m15j15d25p10_0.csv.out,15,15,25,10,0,4,1,0.8880000114440918,0.0,0.04200005531311035,0.845999956131,4,1,4.085999965667725,0.0,1.7749998569488525,2.31100010872
m15j15d25p10_1.csv.out,15,15,25,10,1,4,1,0.8589999675750732,0.0,0.06599998474121094,0.792999982834,4,1,5.124000072479248,0.0,1.934000015258789,3.19000005722
m15j15d25p10_2.csv.out,15,15,25,10,2,3,1,0.3619999885559082,0.0,0.046000003814697266,0.315999984741,3,1,5.194000005722046,0.0,1.8900001049041748,3.30399990082
m15j15d25p10_3.csv.out,15,15,25,10,3,5,1,0.746999979019165,0.0,0.039999961853027344,0.707000017166,5,1,2.9070000648498535,0.0,1.5339999198913574,1.37300014496
m15j15d25p10_4.csv.out,15,15,25,10,4,5,1,1.7070000171661377,0.0,0.040000200271606445,1.66699981689,5,1,5.067999839782715,0.0,2.1439998149871826,2.9240000248
m15j15d25p10_5.csv.out,15,15,25,10,5,4,1,1.125,0.0,0.04500007629394531,1.07999992371,4,1,5.022000074386597,0.0,1.9660000801086426,3.05599999428
m15j15d25p10_6.csv.out,15,15,25,10,6,3,1,0.6330001354217529,0.0,0.042999982833862305,0.590000152588,3,1,4.036999940872192,0.0,1.7339999675750732,2.3029999733
m15j15d25p10_7.csv.out,15,15,25,10,7,3,1,0.34800004959106445,0.0,0.039999961853027344,0.308000087738,3,1,5.105000019073486,0.0,1.446000099182129,3.65899991989
m15j15d25p10_8.csv.out,15,15,25,10,8,3,1,2.0939998626708984,0.0,0.03899979591369629,2.05500006676,3,1,4.988000154495239,0.0,1.8289999961853027,3.15900015831
m15j15d25p10_9.csv.out,15,15,25,10,9,6,1,0.755000114440918,0.0,0.0410001277923584,0.713999986649,6,1,4.669000148773193,0.0,2.142000198364258,2.52699995041
m15j15d25p20_0.csv.out,15,15,25,20,0,8,1,1.2160000801086426,0.0,0.04200005531311035,1.1740000248,8,1,11.266000032424927,0.0,4.795000076293945,6.47099995613
m15j15d25p20_1.csv.out,15,15,25,20,1,8,1,0.9239997863769531,0.0,0.06199979782104492,0.861999988556,8,1,21.835999965667725,0.0,6.824000120162964,15.0119998455
m15j15d25p20_2.csv.out,15,15,25,20,2,8,1,0.3259999752044678,0.0,0.042999982833862305,0.282999992371,8,1,13.995999813079834,0.0,6.824999809265137,7.17100000381
m15j15d25p20_3.csv.out,15,15,25,20,3,6,1,0.812999963760376,0.0,0.039999961853027344,0.773000001907,6,1,21.181999921798706,0.0,5.723999977111816,15.4579999447
m15j15d25p20_4.csv.out,15,15,25,20,4,6,1,1.0069999694824219,0.0,0.03900003433227539,0.96799993515,6,1,12.140000104904175,0.0,4.607000112533569,7.53299999237
m15j15d25p20_5.csv.out,15,15,25,20,5,6,1,3.2730000019073486,0.0,0.040000200271606445,3.23299980164,6,1,22.405999898910522,0.0,6.697000026702881,15.7089998722
m15j15d25p20_6.csv.out,15,15,25,20,6,6,1,0.625999927520752,0.0,0.039999961853027344,0.585999965668,6,1,15.289000034332275,0.0,5.194999933242798,10.0940001011
m15j15d25p20_7.csv.out,15,15,25,20,7,8,1,59.015000104904175,0.0,0.04500007629394531,58.9700000286,8,1,52.526999950408936,0.0,8.091000080108643,44.4359998703
m15j15d25p20_8.csv.out,15,15,25,20,8,8,1,0.3559999465942383,0.0,0.0410001277923584,0.314999818802,8,1,17.209999799728394,0.0,6.474999904632568,10.7349998951
m15j15d25p20_9.csv.out,15,15,25,20,9,7,1,1.2809998989105225,0.0,0.0409998893737793,1.24000000954,7,1,14.230000019073486,0.0,6.513000011444092,7.71700000763
m15j15d25p40_0.csv.out,15,15,25,40,0,10,1,0.27300000190734863,0.0,0.039999961853027344,0.233000040054,10,1,72.37700009346008,0.0,28.924000024795532,43.4530000687
m15j15d25p40_1.csv.out,15,15,25,40,1,10,1,0.1529998779296875,0.0,0.042999982833862305,0.109999895096,10,1,28.54800009727478,0.0,15.773000001907349,12.7750000954
m15j15d25p40_2.csv.out,15,15,25,40,2,7,1,1.0379998683929443,0.0,0.04199981689453125,0.996000051498,7,1,61.05999994277954,0.0,16.89199995994568,44.1679999828
m15j15d25p40_3.csv.out,15,15,25,40,3,8,1,0.33299994468688965,0.0,0.037999868392944336,0.295000076294,8,1,56.098999977111816,0.0,15.969000101089478,40.129999876
m15j15d25p40_4.csv.out,15,15,25,40,4,9,1,3.7849998474121094,0.0,0.039999961853027344,3.74499988556,9,1,1541.5659999847412,0.0,25.586999893188477,1515.97900009
m15j15d25p40_5.csv.out,15,15,25,40,5,10,1,0.15900015830993652,0.0,0.04400014877319336,0.115000009537,10,1,41.520999908447266,0.0,23.937999963760376,17.5829999447
m15j15d25p40_6.csv.out,15,15,25,40,6,7,1,1.433000087738037,0.0,0.04200005531311035,1.39100003242,7,1,97.33500003814697,0.0,19.085999965667725,78.2490000725
m15j15d25p40_7.csv.out,15,15,25,40,7,9,1,0.3269999027252197,0.0,0.04900002479553223,0.27799987793,9,1,117.75200009346008,0.0,14.207000017166138,103.545000076
m15j15d25p40_8.csv.out,15,15,25,40,8,9,1,1.0970001220703125,0.0,0.046000003814697266,1.05100011826,9,1,41.30800008773804,0.0,19.085999965667725,22.2220001221
m15j15d25p40_9.csv.out,15,15,25,40,9,9,1,1.130000114440918,0.0,0.03900003433227539,1.09100008011,9,1,278.86100006103516,0.0,18.585000038146973,260.276000023
m15j25d15p05_0.csv.out,15,25,15,05,0,5,1,42.789000034332275,0.0,0.17400002479553223,42.6150000095,5,1,6.801999807357788,0.0,2.884999990463257,3.91699981689
m15j25d15p05_1.csv.out,15,25,15,05,1,6,1,10.79800009727478,0.0,0.13400006294250488,10.6640000343,6,1,5.769999980926514,0.0,2.5339999198913574,3.23600006104
m15j25d15p05_2.csv.out,15,25,15,05,2,9,0,1800.3860001564026,0.22222222221975427,0.10599994659423828,1800.28000021,9,1,74.57299995422363,0.0,2.4739999771118164,72.0989999771
m15j25d15p05_3.csv.out,15,25,15,05,3,10,1,196.22099995613098,0.0,0.09299993515014648,196.128000021,10,1,4.599999904632568,0.0,2.3299999237060547,2.26999998093
m15j25d15p05_4.csv.out,15,25,15,05,4,11,0,1800.523999929428,0.36363636363305873,0.09200000762939453,1800.43199992,11,1,4.973999977111816,0.0,2.186000108718872,2.78799986839
m15j25d15p05_5.csv.out,15,25,15,05,5,10,1,1000.4029998779297,0.0,0.09299993515014648,1000.30999994,10,1,4.148000001907349,0.0,2.450000047683716,1.69799995422
m15j25d15p05_6.csv.out,15,25,15,05,6,7,1,208.9100000858307,0.0,0.09300017356872559,208.816999912,7,1,5.108999967575073,0.0,2.3529999256134033,2.75600004196
m15j25d15p05_7.csv.out,15,25,15,05,7,10,0,1800.1850001811981,0.09999999999900248,0.09200000762939453,1800.09300017,10,1,6.538000106811523,0.0,2.5169999599456787,4.02100014687
m15j25d15p05_8.csv.out,15,25,15,05,8,8,1,65.85199999809265,0.0,0.09100008010864258,65.760999918,8,1,4.300999879837036,0.0,1.99399995803833,2.3069999218
m15j25d15p05_9.csv.out,15,25,15,05,9,9,0,1800.358999967575,0.22222222221975635,0.09200000762939453,1800.26699996,9,1,10.457000017166138,0.0,2.9570000171661377,7.5
m15j25d15p10_0.csv.out,15,25,15,10,0,12,0,1800.3890001773834,0.3333333333305568,0.11400008201599121,1800.2750001,12,1,26.394999980926514,0.0,7.2769999504089355,19.1180000305
m15j25d15p10_1.csv.out,15,25,15,10,1,13,1,241.7369999885559,0.0,0.09299993515014648,241.644000053,13,1,14.257999897003174,0.0,5.75600004196167,8.50199985504
m15j25d15p10_2.csv.out,15,25,15,10,2,15,0,1800.3719999790192,0.3320824524290758,0.09400010108947754,1800.27799988,15,1,20.569999933242798,0.0,6.1600000858306885,14.4099998474
m15j25d15p10_3.csv.out,15,25,15,10,3,15,0,1800.4279999732971,0.19999999999866738,0.09399986267089844,1800.33400011,15,1,28.265000104904175,0.0,7.023000001907349,21.242000103
m15j25d15p10_4.csv.out,15,25,15,10,4,16,0,1800.305999994278,0.06249999999963625,0.08999991416931152,1800.21600008,16,1,34.109999895095825,0.0,9.116999864578247,24.9930000305
m15j25d15p10_5.csv.out,15,25,15,10,5,11,1,80.83299994468689,0.0,0.09599995613098145,80.7369999886,11,1,20.812999963760376,0.0,9.803999900817871,11.0090000629
m15j25d15p10_6.csv.out,15,25,15,10,6,15,1,402.26199984550476,0.0,0.12299990653991699,402.138999939,15,1,20.463000059127808,0.0,7.580999851226807,12.8820002079
m15j25d15p10_7.csv.out,15,25,15,10,7,12,0,1800.2599999904633,0.16666666666527807,0.09200000762939453,1800.16799998,12,1,28.597000122070312,0.0,7.611999988555908,20.9850001335
m15j25d15p10_8.csv.out,15,25,15,10,8,15,1,5.91700005531311,0.0,0.09500002861022949,5.8220000267,15,1,12.995000123977661,0.0,6.933000087738037,6.06200003624
m15j25d15p10_9.csv.out,15,25,15,10,9,12,1,571.4730000495911,0.0,0.09400010108947754,571.378999949,12,1,16.18400001525879,0.0,7.546000003814697,8.63800001144
m15j25d15p20_0.csv.out,15,25,15,20,0,17,1,8.720999956130981,0.0,0.08999991416931152,8.63100004196,17,1,89.89699983596802,0.0,26.69099998474121,63.2059998512
m15j25d15p20_1.csv.out,15,25,15,20,1,16,0,1800.3680000305176,0.18684440559323787,0.09200000762939453,1800.27600002,16,1,258.55200004577637,0.0,22.513999938964844,236.038000107
m15j25d15p20_2.csv.out,15,25,15,20,2,15,0,1800.2490000724792,0.06666666666622399,0.11899995803833008,1800.13000011,15,1,327.8880000114441,0.0,22.848000049591064,305.039999962
m15j25d15p20_3.csv.out,15,25,15,20,3,16,1,23.759999990463257,0.0,0.11099982261657715,23.6490001678,16,1,68.42600011825562,0.0,22.703999996185303,45.7220001221
m15j25d15p20_4.csv.out,15,25,15,20,4,15,0,1800.2469999790192,0.0666666666662227,0.09000015258789062,1800.15699983,15,1,68.7170000076294,0.0,19.401999950408936,49.3150000572
m15j25d15p20_5.csv.out,15,25,15,20,5,16,1,9.783999919891357,0.0,0.09100008010864258,9.69299983978,16,1,85.08100008964539,0.0,24.58299994468689,60.498000145
m15j25d15p20_6.csv.out,15,25,15,20,6,16,1,122.38299989700317,0.0,0.09299993515014648,122.289999962,16,0,1828.093999862671,0.06249999999960894,25.056999921798706,1803.03699994
m15j25d15p20_7.csv.out,15,25,15,20,7,18,1,16.249000072479248,0.0,0.1119999885559082,16.1370000839,18,1,78.6470000743866,0.0,30.555000066757202,48.0920000076
m15j25d15p20_8.csv.out,15,25,15,20,8,17,1,12.440000057220459,0.0,0.09100008010864258,12.3489999771,17,1,67.43799996376038,0.0,24.257999897003174,43.1800000668
m15j25d15p20_9.csv.out,15,25,15,20,9,18,1,26.27999997138977,0.0,0.0970001220703125,26.1829998493,18,1,201.24900007247925,0.0,25.503999948501587,175.745000124
m15j25d15p40_0.csv.out,15,25,15,40,0,18,1,371.08200001716614,0.0,0.09400010108947754,370.987999916,18,1,134.13499999046326,0.0,80.47199988365173,53.6630001068
m15j25d15p40_1.csv.out,15,25,15,40,1,17,1,120.23200011253357,0.0,0.11100006103515625,120.121000051,17,1,407.99000000953674,0.0,96.26999998092651,311.720000029
m15j25d15p40_2.csv.out,15,25,15,40,2,18,1,2.9749999046325684,0.0,0.22699999809265137,2.74799990654,18,1,437.797000169754,0.0,101.41300010681152,336.384000063
m15j25d15p40_3.csv.out,15,25,15,40,3,17,0,1802.1949999332428,0.17647058823425713,0.2539999485015869,1801.94099998,17,1,328.7279999256134,0.0,84.3289999961853,244.398999929
m15j25d15p40_4.csv.out,15,25,15,40,4,18,1,50.59299993515015,0.0,0.2539999485015869,50.3389999866,18,1,404.75800013542175,0.0,89.1010000705719,315.657000065
m15j25d15p40_5.csv.out,15,25,15,40,5,18,1,4.017999887466431,0.0,0.22899985313415527,3.78900003433,18,1,382.2369999885559,0.0,82.74000000953674,299.496999979
m15j25d15p40_6.csv.out,15,25,15,40,6,17,1,66.36500000953674,0.0,0.1100001335144043,66.254999876,17,1,191.48799991607666,0.0,63.355000019073486,128.132999897
m15j25d15p40_7.csv.out,15,25,15,40,7,18,1,1076.340000152588,0.0,0.10599994659423828,1076.23400021,18,1,304.5350000858307,0.0,92.94700002670288,211.588000059
m15j25d15p40_8.csv.out,15,25,15,40,8,16,1,1572.74799990654,0.0,0.17999982833862305,1572.56800008,16,1,321.14400005340576,0.0,87.83299994468689,233.311000109
m15j25d15p40_9.csv.out,15,25,15,40,9,18,1,7.4100000858306885,0.0,0.23599982261657715,7.17400026321,18,1,244.9909999370575,0.0,69.10500001907349,175.885999918
m15j25d25p05_0.csv.out,15,25,25,05,0,7,1,299.8400001525879,0.0,0.09200000762939453,299.748000145,7,1,7.273000001907349,0.0,2.4100000858306885,4.86299991608
m15j25d25p05_1.csv.out,15,25,25,05,1,2,1,14.977999925613403,0.0,0.09299993515014648,14.8849999905,2,1,13.16700005531311,0.0,2.136000156402588,11.0309998989
m15j25d25p05_2.csv.out,15,25,25,05,2,4,1,1572.5950000286102,0.0,0.09999990463256836,1572.49500012,4,1,3.2080001831054688,0.0,1.5760002136230469,1.63199996948
m15j25d25p05_3.csv.out,15,25,25,05,3,4,1,126.02000021934509,0.0,0.09300017356872559,125.927000046,4,1,4.390000104904175,0.0,2.115999937057495,2.27400016785
m15j25d25p05_4.csv.out,15,25,25,05,4,10,1,974.545000076294,0.0,0.09299993515014648,974.452000141,10,1,6.315000057220459,0.0,3.120999813079834,3.19400024414
m15j25d25p05_5.csv.out,15,25,25,05,5,7,0,1800.486999988556,0.42857142856530683,0.09299993515014648,1800.39400005,7,1,295.61299991607666,0.0,2.74399995803833,292.868999958
m15j25d25p05_6.csv.out,15,25,25,05,6,4,0,1800.3949999809265,0.4999999999874961,0.09599995613098145,1800.29900002,4,1,12.328999996185303,0.0,3.2899999618530273,9.03900003433
m15j25d25p05_7.csv.out,15,25,25,05,7,6,0,1800.5569999217987,0.33333333332777837,0.1380000114440918,1800.41899991,6,1,5.163999795913696,0.0,3.008999824523926,2.15499997139
m15j25d25p05_8.csv.out,15,25,25,05,8,7,1,56.55299997329712,0.0,0.1400001049041748,56.4129998684,7,1,9.454999923706055,0.0,3.9749999046325684,5.48000001907
m15j25d25p05_9.csv.out,15,25,25,05,9,5,0,1800.8780000209808,0.399999999992001,0.1359999179840088,1800.7420001,5,1,1404.3829998970032,0.0,8.54200005531311,1395.84099984
m15j25d25p10_0.csv.out,15,25,25,10,0,9,1,191.6340000629425,0.0,0.09399986267089844,191.5400002,9,1,32.57699990272522,0.0,6.38100004196167,26.1959998608
m15j25d25p10_1.csv.out,15,25,25,10,1,12,0,1800.4230000972748,0.41666666666319496,0.09100008010864258,1800.33200002,12,1,15.319000005722046,0.0,7.317000150680542,8.00199985504
m15j25d25p10_2.csv.out,15,25,25,10,2,12,0,1800.4399998188019,0.4166666666631881,0.09299993515014648,1800.34699988,12,1,38.331000089645386,0.0,7.989000082015991,30.3420000076
m15j25d25p10_3.csv.out,15,25,25,10,3,8,1,45.20299983024597,0.0,0.09200000762939453,45.1109998226,8,1,13.05299997329712,0.0,5.608999967575073,7.44400000572
m15j25d25p10_4.csv.out,15,25,25,10,4,10,0,1800.340000152588,0.19999999999800008,0.09100008010864258,1800.24900007,10,1,51.01899981498718,0.0,8.019999980926514,42.9989998341
m15j25d25p10_5.csv.out,15,25,25,10,5,13,1,277.58700013160706,0.0,0.09300017356872559,277.493999958,13,1,85.0460000038147,0.0,7.617999792098999,77.4280002117
m15j25d25p10_6.csv.out,15,25,25,10,6,10,1,670.7579998970032,0.0,0.11400008201599121,670.643999815,10,1,13.526999950408936,0.0,6.194000005722046,7.33299994469
m15j25d25p10_7.csv.out,15,25,25,10,7,12,0,1800.4319999217987,0.6617850810395759,0.09200000762939453,1800.33999991,11,1,30.23800015449524,0.0,8.240000009536743,21.998000145
m15j25d25p10_8.csv.out,15,25,25,10,8,9,1,341.20899987220764,0.0,0.09299993515014648,341.115999937,9,1,20.408999919891357,0.0,7.333999872207642,13.0750000477
m15j25d25p10_9.csv.out,15,25,25,10,9,10,1,894.3039999008179,0.0,0.09100008010864258,894.212999821,10,1,17.299999952316284,0.0,6.871999979019165,10.4279999733
m15j25d25p20_0.csv.out,15,25,25,20,0,17,1,459.2920000553131,0.0,0.05799984931945801,459.234000206,17,1,31.14800000190735,0.0,15.708999872207642,15.4390001297
m15j25d25p20_1.csv.out,15,25,25,20,1,15,1,44.33999991416931,0.0,0.05800008773803711,44.2819998264,15,1,93.91600012779236,0.0,14.657999992370605,79.2580001354
m15j25d25p20_2.csv.out,15,25,25,20,2,14,0,1800.9400000572205,0.2142857142841838,0.057000160217285156,1800.8829999,14,1,228.1909999847412,0.0,14.164000034332275,214.02699995
m15j25d25p20_3.csv.out,15,25,25,20,3,15,1,192.40400004386902,0.0,0.05799984931945801,192.346000195,15,1,50.68299984931946,0.0,15.92199993133545,34.760999918
m15j25d25p20_4.csv.out,15,25,25,20,4,16,0,1800.4570000171661,0.18689194978513524,0.05799984931945801,1800.39900017,16,1,51.59100008010864,0.0,16.000999927520752,35.5900001526
m15j25d25p20_5.csv.out,15,25,25,20,5,16,1,8.266000032424927,0.0,0.05799984931945801,8.20800018311,16,1,69.10399985313416,0.0,19.363999843597412,49.7400000095
m15j25d25p20_6.csv.out,15,25,25,20,6,16,1,1428.930999994278,0.0,0.056999921798706055,1428.87400007,16,1,83.78800010681152,0.0,19.694000005722046,64.0940001011
m15j25d25p20_7.csv.out,15,25,25,20,7,14,1,196.37199997901917,0.0,0.059999942779541016,196.312000036,14,1,47.271000146865845,0.0,17.20900011062622,30.0620000362
m15j25d25p20_8.csv.out,15,25,25,20,8,13,1,1586.5720000267029,0.0,0.056999921798706055,1586.5150001,13,1,59.46799993515015,0.0,17.427000045776367,42.0409998894
m15j25d25p20_9.csv.out,15,25,25,20,9,15,1,54.06700015068054,0.0,0.057000160217285156,54.0099999905,15,1,75.99300003051758,0.0,19.40499997138977,56.5880000591
m15j25d25p40_0.csv.out,15,25,25,40,0,16,0,1800.236999988556,0.06249999999961833,0.11400008201599121,1800.12299991,16,1,236.99300003051758,0.0,68.12899994850159,168.864000082
m15j25d25p40_1.csv.out,15,25,25,40,1,18,1,349.00800013542175,0.0,0.1100001335144043,348.898000002,18,1,411.64099979400635,0.0,109.14199995994568,302.498999834
m15j25d25p40_2.csv.out,15,25,25,40,2,16,1,515.9960000514984,0.0,0.21899986267089844,515.777000189,16,1,494.0069999694824,0.0,104.55900001525879,389.447999954
m15j25d25p40_3.csv.out,15,25,25,40,3,15,0,1800.5769999027252,0.18222222222100912,0.22900009155273438,1800.34799981,15,1,372.25100016593933,0.0,98.53499984741211,273.716000319
m15j25d25p40_4.csv.out,15,25,25,40,4,16,1,17.674000024795532,0.0,0.23099994659423828,17.4430000782,16,1,313.57599997520447,0.0,99.16899991035461,214.407000065
m15j25d25p40_5.csv.out,15,25,25,40,5,16,0,1800.4130001068115,0.24999999999843886,0.12100005149841309,1800.29200006,16,0,1888.130999803543,0.07606085848631086,79.60799980163574,1808.523
m15j25d25p40_6.csv.out,15,25,25,40,6,18,0,1800.3090000152588,0.05555555555524968,0.22500014305114746,1800.08399987,18,1,298.30400013923645,0.0,76.98199987411499,221.322000265
m15j25d25p40_7.csv.out,15,25,25,40,7,16,0,1800.3769998550415,0.0624999999996106,0.23000001907348633,1800.14699984,16,1,1786.0190000534058,0.0,82.82800006866455,1703.19099998
m15j25d25p40_8.csv.out,15,25,25,40,8,17,1,3.376000165939331,0.0,0.12199997901916504,3.25400018692,17,1,535.2650001049042,0.0,101.97900009155273,433.286000013
m15j25d25p40_9.csv.out,15,25,25,40,9,17,1,11.205999851226807,0.0,0.21799993515014648,10.9879999161,17,1,233.70900011062622,0.0,60.230000019073486,173.479000092
m25j15d15p05_0.csv.out,25,15,15,05,0,2,1,0.24300003051757812,0.0,0.05499982833862305,0.188000202179,2,1,4.101999998092651,0.0,1.6399998664855957,2.46200013161
m25j15d15p05_1.csv.out,25,15,15,05,1,2,1,0.9019999504089355,0.0,0.06800007820129395,0.833999872208,2,1,3.1059999465942383,0.0,1.4029998779296875,1.70300006866
m25j15d15p05_2.csv.out,25,15,15,05,2,4,1,0.21900010108947754,0.0,0.06500005722045898,0.154000043869,4,1,4.7170000076293945,0.0,2.4469997882843018,2.27000021935
m25j15d15p05_3.csv.out,25,15,15,05,3,4,1,0.48000001907348633,0.0,0.059999942779541016,0.420000076294,4,1,2.580000162124634,0.0,1.6159999370574951,0.964000225067
m25j15d15p05_4.csv.out,25,15,15,05,4,2,1,0.25999999046325684,0.0,0.05200004577636719,0.207999944687,2,1,3.188999891281128,0.0,1.434000015258789,1.75499987602
m25j15d15p05_5.csv.out,25,15,15,05,5,4,1,2.185999870300293,0.0,0.0710000991821289,2.11499977112,4,1,6.449000120162964,0.0,2.5210001468658447,3.9279999733
m25j15d15p05_6.csv.out,25,15,15,05,6,1,1,21.709999799728394,0.0,0.051999807357788086,21.6579999924,1,1,15.786999940872192,0.0,2.4729998111724854,13.3140001297
m25j15d15p05_7.csv.out,25,15,15,05,7,2,1,0.9249999523162842,0.0,0.0690000057220459,0.855999946594,2,1,4.8999998569488525,0.0,2.0779998302459717,2.8220000267
m25j15d15p05_8.csv.out,25,15,15,05,8,6,1,11.95799994468689,0.0,0.05299997329711914,11.9049999714,6,1,7.486000061035156,0.0,3.5119998455047607,3.97400021553
m25j15d15p05_9.csv.out,25,15,15,05,9,1,1,6.49399995803833,0.0,0.059999942779541016,6.43400001526,1,1,5.503000020980835,0.0,1.7330000400543213,3.76999998093
m25j15d15p10_0.csv.out,25,15,15,10,0,10,1,3.634000062942505,0.0,0.039999961853027344,3.59400010109,10,1,21.247999906539917,0.0,6.957000017166138,14.2909998894
m25j15d15p10_1.csv.out,25,15,15,10,1,8,1,0.9939999580383301,0.0,0.039999961853027344,0.953999996185,8,1,12.425999879837036,0.0,5.395999908447266,7.02999997139
m25j15d15p10_2.csv.out,25,15,15,10,2,6,1,0.46399998664855957,0.0,0.039999961853027344,0.424000024796,6,1,10.208999872207642,0.0,4.418999910354614,5.78999996185
m25j15d15p10_3.csv.out,25,15,15,10,3,6,1,0.35500001907348633,0.0,0.03800010681152344,0.316999912262,6,1,14.6010000705719,0.0,4.4049999713897705,10.1960000992
m25j15d15p10_4.csv.out,25,15,15,10,4,8,1,13.756999969482422,0.0,0.039999961853027344,13.7170000076,8,1,8.177000045776367,0.0,4.057999849319458,4.11900019646
m25j15d15p10_5.csv.out,25,15,15,10,5,7,1,0.18499994277954102,0.0,0.037999868392944336,0.147000074387,7,1,17.3030002117157,0.0,5.81000018119812,11.4930000305
m25j15d15p10_6.csv.out,25,15,15,10,6,6,1,0.34399986267089844,0.0,0.039999961853027344,0.303999900818,6,1,17.344000101089478,0.0,5.216000080108643,12.128000021
m25j15d15p10_7.csv.out,25,15,15,10,7,5,1,0.3710000514984131,0.0,0.04699993133544922,0.324000120163,5,1,11.764999866485596,0.0,5.083999872207642,6.68099999428
m25j15d15p10_8.csv.out,25,15,15,10,8,6,1,0.8829998970031738,0.0,0.03900003433227539,0.843999862671,6,1,9.191999912261963,0.0,4.196000099182129,4.99599981308
m25j15d15p10_9.csv.out,25,15,15,10,9,7,1,0.309999942779541,0.0,0.03899979591369629,0.271000146866,7,1,10.193000078201294,0.0,4.516000032424927,5.67700004578
m25j15d15p20_0.csv.out,25,15,15,20,0,9,1,0.25999999046325684,0.0,0.03900003433227539,0.220999956131,9,1,44.68600010871887,0.0,12.020999908447266,32.6650002003
m25j15d15p20_1.csv.out,25,15,15,20,1,7,1,0.29399991035461426,0.0,0.039999961853027344,0.253999948502,7,1,42.615999937057495,0.0,11.799999952316284,30.8159999847
m25j15d15p20_2.csv.out,25,15,15,20,2,6,1,0.23799991607666016,0.0,0.039999961853027344,0.197999954224,6,1,100.51500010490417,0.0,14.00600004196167,86.5090000629
m25j15d15p20_3.csv.out,25,15,15,20,3,8,1,0.3119997978210449,0.0,0.04900002479553223,0.262999773026,8,1,33.19599986076355,0.0,16.096999883651733,17.0989999771
m25j15d15p20_4.csv.out,25,15,15,20,4,8,1,0.30699992179870605,0.0,0.037999868392944336,0.269000053406,8,1,165.98300004005432,0.0,13.976999998092651,152.006000042
m25j15d15p20_5.csv.out,25,15,15,20,5,8,1,0.6210000514984131,0.0,0.039999961853027344,0.581000089645,8,1,50.92700004577637,0.0,12.859999895095825,38.0670001507
m25j15d15p20_6.csv.out,25,15,15,20,6,8,1,1.694000005722046,0.0,0.0410001277923584,1.65299987793,8,1,32.46300005912781,0.0,7.825999975204468,24.6370000839
m25j15d15p20_7.csv.out,25,15,15,20,7,7,1,0.4399998188018799,0.0,0.037999868392944336,0.401999950409,7,1,27.26099991798401,0.0,11.335000038146973,15.9259998798
m25j15d15p20_8.csv.out,25,15,15,20,8,11,1,0.5789999961853027,0.0,0.03900003433227539,0.539999961853,11,1,33.98399996757507,0.0,15.398000001907349,18.5859999657
m25j15d15p20_9.csv.out,25,15,15,20,9,9,1,0.14099979400634766,0.0,0.042999982833862305,0.0979998111725,9,1,75.51099991798401,0.0,14.111000061035156,61.3999998569
m25j15d15p40_0.csv.out,25,15,15,40,0,9,1,0.570000171661377,0.0,0.04900002479553223,0.521000146866,9,1,229.37000012397766,0.0,56.44200015068054,172.927999973
m25j15d15p40_1.csv.out,25,15,15,40,1,9,1,0.6019999980926514,0.0,0.125,0.476999998093,9,1,254.10300016403198,0.0,46.996999979019165,207.106000185
m25j15d15p40_2.csv.out,25,15,15,40,2,7,1,7.121999979019165,0.0,0.0840001106262207,7.03799986839,7,1,121.58699989318848,0.0,36.0939998626709,85.4930000305
m25j15d15p40_3.csv.out,25,15,15,40,3,9,1,0.31799983978271484,0.0,0.048999786376953125,0.269000053406,9,1,237.56900000572205,0.0,45.801000118255615,191.767999887
m25j15d15p40_4.csv.out,25,15,15,40,4,9,1,0.6809999942779541,0.0,0.046000003814697266,0.634999990463,9,1,183.57100009918213,0.0,40.443000078201294,143.128000021
m25j15d15p40_5.csv.out,25,15,15,40,5,10,1,3.116999864578247,0.0,0.04900002479553223,3.06799983978,10,1,358.6870000362396,0.0,52.861000061035156,305.825999975
m25j15d15p40_6.csv.out,25,15,15,40,6,8,1,1.7899999618530273,0.0,0.16300010681152344,1.62699985504,8,1,340.42700004577637,0.0,53.98900008201599,286.437999964
m25j15d15p40_7.csv.out,25,15,15,40,7,10,1,0.7919998168945312,0.0,0.12000012397766113,0.671999692917,10,1,123.05299997329712,0.0,63.80799984931946,59.245000124
m25j15d15p40_8.csv.out,25,15,15,40,8,11,1,0.4089999198913574,0.0,0.1099998950958252,0.299000024796,11,1,117.26200008392334,0.0,45.76300001144409,71.4990000725
m25j15d15p40_9.csv.out,25,15,15,40,9,9,1,0.28999996185302734,0.0,0.08999991416931152,0.200000047684,9,1,94.34700012207031,0.0,35.973999977111816,58.373000145
m25j15d25p05_0.csv.out,25,15,25,05,0,2,1,0.35500001907348633,0.0,0.0710000991821289,0.283999919891,2,1,3.6659998893737793,0.0,1.997999906539917,1.66799998283
m25j15d25p05_1.csv.out,25,15,25,05,1,1,1,1.2869999408721924,0.0,0.05800008773803711,1.22899985313,1,1,6.064000129699707,0.0,2.239000082015991,3.82500004768
m25j15d25p05_2.csv.out,25,15,25,05,2,1,1,0.3210000991821289,0.0,0.07000017166137695,0.250999927521,1,1,4.70199990272522,0.0,2.260999917984009,2.44099998474
m25j15d25p05_3.csv.out,25,15,25,05,3,0,1,0.3210000991821289,0.0,0.07000017166137695,0.250999927521,0,1,4.958000183105469,0.0,2.1410000324249268,2.81700015068
m25j15d25p05_4.csv.out,25,15,25,05,4,1,1,0.26399993896484375,0.0,0.08299994468688965,0.180999994278,1,1,4.440999984741211,0.0,2.318000078201294,2.12299990654
m25j15d25p05_5.csv.out,25,15,25,05,5,3,1,0.23800015449523926,0.0,0.0559999942779541,0.182000160217,3,1,4.200999975204468,0.0,2.069999933242798,2.13100004196
m25j15d25p05_6.csv.out,25,15,25,05,6,2,1,0.6660001277923584,0.0,0.05300021171569824,0.612999916077,2,1,3.4220001697540283,0.0,1.7400000095367432,1.68200016022
m25j15d25p05_7.csv.out,25,15,25,05,7,0,1,0.12199997901916504,0.0,0.05800008773803711,0.0639998912811,0,1,3.935999870300293,0.0,2.2159998416900635,1.72000002861
m25j15d25p05_8.csv.out,25,15,25,05,8,1,1,0.3959999084472656,0.0,0.06100010871887207,0.334999799728,1,1,3.885999917984009,0.0,2.181999921798706,1.70399999619
m25j15d25p05_9.csv.out,25,15,25,05,9,3,1,0.22799992561340332,0.0,0.07200002670288086,0.155999898911,3,1,3.446000099182129,0.0,1.871000051498413,1.57500004768
m25j15d25p10_0.csv.out,25,15,25,10,0,5,1,1.5199999809265137,0.0,0.03899979591369629,1.48100018501,5,1,9.160000085830688,0.0,4.315000057220459,4.84500002861
m25j15d25p10_1.csv.out,25,15,25,10,1,3,1,0.312000036239624,0.0,0.03900003433227539,0.273000001907,3,1,8.190999984741211,0.0,3.128000020980835,5.06299996376
m25j15d25p10_2.csv.out,25,15,25,10,2,4,1,1.7420001029968262,0.0,0.03800010681152344,1.70399999619,4,1,15.339999914169312,0.0,4.851000070571899,10.4889998436
m25j15d25p10_3.csv.out,25,15,25,10,3,5,1,0.7269999980926514,0.0,0.0409998893737793,0.686000108719,5,1,11.129999876022339,0.0,5.446000099182129,5.68399977684
m25j15d25p10_4.csv.out,25,15,25,10,4,7,1,2.5999999046325684,0.0,0.03900003433227539,2.5609998703,7,1,13.610999822616577,0.0,5.197999954223633,8.41299986839
m25j15d25p10_5.csv.out,25,15,25,10,5,2,1,1.3609998226165771,0.0,0.03899979591369629,1.3220000267,2,1,18.19600009918213,0.0,5.338000059127808,12.8580000401
m25j15d25p10_6.csv.out,25,15,25,10,6,5,1,0.5820000171661377,0.0,0.0409998893737793,0.541000127792,5,1,10.945000171661377,0.0,4.71399998664856,6.23100018501
m25j15d25p10_7.csv.out,25,15,25,10,7,3,1,0.6080000400543213,0.0,0.04200005531311035,0.565999984741,3,1,13.26800012588501,0.0,3.7699999809265137,9.49800014496
m25j15d25p10_8.csv.out,25,15,25,10,8,5,1,2.2679998874664307,0.0,0.03800010681152344,2.22999978065,5,1,12.430000066757202,0.0,4.50600004196167,7.9240000248
m25j15d25p10_9.csv.out,25,15,25,10,9,5,1,1.055999994277954,0.0,0.037999868392944336,1.01800012589,5,1,12.975000143051147,0.0,6.070000171661377,6.90499997139
m25j15d25p20_0.csv.out,25,15,25,20,0,6,1,0.6619999408721924,0.0,0.03800010681152344,0.623999834061,6,1,43.217000007629395,0.0,13.730000019073486,29.4869999886
m25j15d25p20_1.csv.out,25,15,25,20,1,7,1,0.4630000591278076,0.0,0.039999961853027344,0.423000097275,7,1,32.15300011634827,0.0,11.949000120162964,20.2039999962
m25j15d25p20_2.csv.out,25,15,25,20,2,9,1,0.3559999465942383,0.0,0.03900003433227539,0.316999912262,9,1,29.84600019454956,0.0,16.5770001411438,13.2690000534
m25j15d25p20_3.csv.out,25,15,25,20,3,7,1,0.503000020980835,0.0,0.039999961853027344,0.463000059128,7,1,130.44400000572205,0.0,16.42899990081787,114.015000105
m25j15d25p20_4.csv.out,25,15,25,20,4,5,1,3.066999912261963,0.0,0.046000003814697266,3.02099990845,5,1,62.31700015068054,0.0,14.98800015449524,47.3289999962
m25j15d25p20_5.csv.out,25,15,25,20,5,7,1,3.121999979019165,0.0,0.03900003433227539,3.08299994469,7,1,54.29200005531311,0.0,14.617000102996826,39.6749999523
m25j15d25p20_6.csv.out,25,15,25,20,6,8,1,1.7010002136230469,0.0,0.040000200271606445,1.66100001335,8,1,78.99799990653992,0.0,15.76799988746643,63.2300000191
m25j15d25p20_7.csv.out,25,15,25,20,7,5,1,0.3689999580383301,0.0,0.03900003433227539,0.329999923706,5,1,30.115000009536743,0.0,11.852999925613403,18.2620000839
m25j15d25p20_8.csv.out,25,15,25,20,8,8,1,0.17799997329711914,0.0,0.039999961853027344,0.138000011444,8,1,28.223999977111816,0.0,14.305999994277954,13.9179999828
m25j15d25p20_9.csv.out,25,15,25,20,9,7,1,3.075000047683716,0.0,0.039999961853027344,3.03500008583,7,1,61.240999937057495,0.0,14.434000015258789,46.8069999218
m25j15d25p40_0.csv.out,25,15,25,40,0,10,1,0.18200016021728516,0.0,0.04500007629394531,0.137000083923,10,1,156.71200013160706,0.0,59.47800016403198,97.2339999676
m25j15d25p40_1.csv.out,25,15,25,40,1,9,1,0.4519999027252197,0.0,0.12999987602233887,0.322000026703,9,1,414.57299995422363,0.0,66.54299998283386,348.029999971
m25j15d25p40_2.csv.out,25,15,25,40,2,10,1,0.999000072479248,0.0,0.15799999237060547,0.841000080109,10,1,127.45799994468689,0.0,61.812000036239624,65.6459999084
m25j15d25p40_3.csv.out,25,15,25,40,3,11,1,0.24300003051757812,0.0,0.04900002479553223,0.194000005722,11,1,313.5899999141693,0.0,64.33699989318848,249.253000021
m25j15d25p40_4.csv.out,25,15,25,40,4,9,1,0.7929999828338623,0.0,0.06299996376037598,0.730000019073,9,1,140.00300002098083,0.0,48.58200001716614,91.4210000038
m25j15d25p40_5.csv.out,25,15,25,40,5,9,1,0.7409999370574951,0.0,0.12400007247924805,0.616999864578,9,1,339.6270000934601,0.0,60.151000022888184,279.476000071
m25j15d25p40_6.csv.out,25,15,25,40,6,8,1,0.755000114440918,0.0,0.13100004196166992,0.624000072479,9,0,1856.1960000991821,0.18875661375451644,52.59700012207031,1803.59899998
m25j15d25p40_7.csv.out,25,15,25,40,7,8,1,0.22799992561340332,0.0,0.05099987983703613,0.177000045776,8,1,332.4779999256134,0.0,60.44399976730347,272.034000158
m25j15d25p40_8.csv.out,25,15,25,40,8,11,1,0.4070000648498535,0.0,0.10400009155273438,0.302999973297,11,1,76.76500010490417,0.0,44.4300000667572,32.3350000381
m25j15d25p40_9.csv.out,25,15,25,40,9,10,1,0.1490001678466797,0.0,0.04500007629394531,0.104000091553,10,1,213.2460000514984,0.0,65.57599997520447,147.670000076
m25j25d15p05_0.csv.out,25,25,15,05,0,8,1,285.54500007629395,0.0,0.13700008392333984,285.407999992,8,1,22.17300009727478,0.0,6.14900016784668,16.0239999294
m25j25d15p05_1.csv.out,25,25,15,05,1,7,0,1800.332999944687,0.2857142857102046,0.09500002861022949,1800.23799992,6,1,68.20699977874756,0.0,6.006999969482422,62.1999998093
m25j25d15p05_2.csv.out,25,25,15,05,2,12,0,1800.4790000915527,0.24999999999791786,0.09400010108947754,1800.38499999,12,1,17.846999883651733,0.0,5.828000068664551,12.018999815
m25j25d15p05_3.csv.out,25,25,15,05,3,8,0,1800.4409999847412,0.37499999999531375,0.09299993515014648,1800.34800005,8,1,34.32200002670288,0.0,6.253000020980835,28.0690000057
m25j25d15p05_4.csv.out,25,25,15,05,4,8,0,1800.3519999980927,0.2499999999968771,0.09099984169006348,1800.26100016,8,1,18.838000059127808,0.0,6.257000207901001,12.5809998512
m25j25d15p05_5.csv.out,25,25,15,05,5,8,1,245.22099995613098,0.0,0.09099984169006348,245.130000114,8,1,10.954999923706055,0.0,5.523999929428101,5.43099999428
m25j25d15p05_6.csv.out,25,25,15,05,6,8,0,1800.316999912262,0.3143656716378616,0.09299993515014648,1800.22399998,8,1,23.251999855041504,0.0,5.319000005722046,17.9329998493
m25j25d15p05_7.csv.out,25,25,15,05,7,8,0,1800.4499998092651,0.4999999999937509,0.09200000762939453,1800.3579998,8,1,14.944000005722046,0.0,5.105999946594238,9.83800005913
m25j25d15p05_8.csv.out,25,25,15,05,8,5,1,96.38899993896484,0.0,0.09799981117248535,96.2910001278,5,1,12.92199993133545,0.0,5.94599986076355,6.97600007057
m25j25d15p05_9.csv.out,25,25,15,05,9,9,0,1800.4539999961853,0.33333333332963044,0.09400010108947754,1800.3599999,9,1,12.275000095367432,0.0,5.276000022888184,6.99900007248
m25j25d15p10_0.csv.out,25,25,15,10,0,11,1,529.4050002098083,0.0,0.10100007057189941,529.304000139,11,1,78.41400003433228,0.0,11.845999956130981,66.5680000782
m25j25d15p10_1.csv.out,25,25,15,10,1,14,1,1044.2409999370575,0.0,0.09299993515014648,1044.148,14,1,61.3970000743866,0.0,17.85199999809265,43.5450000763
m25j25d15p10_2.csv.out,25,25,15,10,2,12,0,1800.3960001468658,0.16666666666527954,0.09200000762939453,1800.30400014,12,1,70.2590000629425,0.0,20.272000074386597,49.9869999886
m25j25d15p10_3.csv.out,25,25,15,10,3,13,1,114.57300019264221,0.0,0.10100007057189941,114.472000122,13,1,65.03999996185303,0.0,20.585000038146973,44.4549999237
m25j25d15p10_4.csv.out,25,25,15,10,4,12,0,1800.398999929428,0.16666666666527793,0.09800004959106445,1800.30099988,12,1,149.85899996757507,0.0,19.372999906539917,130.486000061
m25j25d15p10_5.csv.out,25,25,15,10,5,13,0,1800.4430000782013,0.3069743589719962,0.09500002861022949,1800.34800005,13,1,536.4470000267029,0.0,17.710999965667725,518.736000061
m25j25d15p10_6.csv.out,25,25,15,10,6,12,1,99.03499984741211,0.0,0.1099998950958252,98.9249999523,12,1,1283.510999917984,0.0,20.078999996185303,1263.43199992
m25j25d15p10_7.csv.out,25,25,15,10,7,14,1,162.73399996757507,0.0,0.1119999885559082,162.621999979,14,1,50.05299997329712,0.0,21.075999975204468,28.9769999981
m25j25d15p10_8.csv.out,25,25,15,10,8,14,1,19.756999969482422,0.0,0.10100007057189941,19.6559998989,14,1,60.52199983596802,0.0,21.06499981880188,39.4570000172
m25j25d15p10_9.csv.out,25,25,15,10,9,14,1,1257.1879999637604,0.0,0.09599995613098145,1257.09200001,14,1,98.62399983406067,0.0,20.319999933242798,78.3039999008
m25j25d15p20_0.csv.out,25,25,15,20,0,16,1,13.198999881744385,0.0,0.05799984931945801,13.1410000324,16,1,751.0460000038147,0.0,45.263999938964844,705.782000065
m25j25d15p20_1.csv.out,25,25,15,20,1,16,1,12.79099988937378,0.0,0.06599998474121094,12.7249999046,16,1,545.3729999065399,0.0,52.9210000038147,492.451999903
m25j25d15p20_2.csv.out,25,25,15,20,2,19,1,5.276000022888184,0.0,0.06400012969970703,5.21199989319,19,1,226.37600016593933,0.0,57.38100004196167,168.995000124
m25j25d15p20_3.csv.out,25,25,15,20,3,14,1,17.177000045776367,0.0,0.06500005722045898,17.1119999886,14,1,180.30599999427795,0.0,45.18499994277954,135.121000051
m25j25d15p20_4.csv.out,25,25,15,20,4,15,1,31.048999786376953,0.0,0.06199979782104492,30.9869999886,15,1,287.3269999027252,0.0,64.98199987411499,222.345000029
m25j25d15p20_5.csv.out,25,25,15,20,5,17,0,1800.1340000629425,0.05882352941141953,0.06400012969970703,1800.06999993,17,0,1859.2610001564026,0.09239284548495967,55.26600003242493,1803.99500012
m25j25d15p20_6.csv.out,25,25,15,20,6,16,0,1800.8010001182556,0.233622592293885,0.06299996376037598,1800.73800015,16,1,306.0750000476837,0.0,44.84299993515015,261.232000113
m25j25d15p20_7.csv.out,25,25,15,20,7,14,1,800.0729999542236,0.0,0.06100010871887207,800.011999846,14,0,1846.1289999485016,0.10394009435313817,42.931999921798706,1803.19700003
m25j25d15p20_8.csv.out,25,25,15,20,8,15,1,479.19400000572205,0.0,0.05900001525878906,479.13499999,15,1,206.33899998664856,0.0,60.97500014305115,145.363999844
m25j25d15p20_9.csv.out,25,25,15,20,9,17,1,7.306999921798706,0.0,0.05800008773803711,7.24899983406,17,1,123.89100003242493,0.0,44.89100003242493,79.0
m25j25d15p40_0.csv.out,25,25,15,40,0,19,0,1803.861999988556,0.15131578947288837,1.3980000019073486,1802.46399999,19,0,2277.7799999713898,0.07127192982418618,174.96000003814697,2102.81999993
m25j25d15p40_1.csv.out,25,25,15,40,1,17,1,18.651000022888184,0.0,0.20600008964538574,18.4449999332,18,0,2155.2730000019073,0.06712962962925643,331.8949999809265,1823.37800002
m25j25d15p40_2.csv.out,25,25,15,40,2,18,0,1800.5789999961853,0.11111111111049433,0.26400017738342285,1800.31499982,24,0,2271.531000137329,0.2604938271594085,337.84500002861023,1933.68600011
m25j25d15p40_3.csv.out,25,25,15,40,3,17,1,356.75099992752075,0.0,0.2560000419616699,356.494999886,23,0,2160.1989998817444,0.2727272727260867,284.34999990463257,1875.84899998
m25j25d15p40_4.csv.out,25,25,15,40,4,17,1,137.30399990081787,0.0,0.37999987602233887,136.924000025,17,1,1075.3959999084473,0.0,200.04800009727478,875.347999811
m25j25d15p40_5.csv.out,25,25,15,40,5,17,1,78.64800000190735,0.0,0.2090001106262207,78.4389998913,17,1,1223.9240000247955,0.0,212.78900003433228,1011.13499999
m25j25d15p40_6.csv.out,25,25,15,40,6,18,1,38.8529999256134,0.0,0.693000078201294,38.1599998474,19,0,2165.0810000896454,0.09986504723294308,296.63499999046326,1868.4460001
m25j25d15p40_7.csv.out,25,25,15,40,7,20,1,11.444999933242798,0.0,0.25,11.1949999332,20,1,1856.3629999160767,0.0,271.62999987602234,1584.73300004
m25j25d15p40_8.csv.out,25,25,15,40,8,19,0,1800.625,0.10526315789418339,0.25999999046325684,1800.36500001,19,0,2072.265000104904,0.06879699248084073,253.49100017547607,1818.77399993
m25j25d15p40_9.csv.out,25,25,15,40,9,20,1,411.95300006866455,0.0,0.18599987030029297,411.767000198,23,0,2305.680999994278,0.17632850241469145,349.50499987602234,1956.17600012
m25j25d25p05_0.csv.out,25,25,25,05,0,4,1,132.42799997329712,0.0,0.09100008010864258,132.336999893,4,1,14.430999994277954,0.0,5.447999954223633,8.98300004005
m25j25d25p05_1.csv.out,25,25,25,05,1,4,1,19.203999996185303,0.0,0.09200000762939453,19.1119999886,4,1,21.014999866485596,0.0,5.35099983215332,15.6640000343
m25j25d25p05_2.csv.out,25,25,25,05,2,5,0,1800.4189999103546,0.39999999999200025,0.09399986267089844,1800.32500005,5,1,15.22000002861023,0.0,7.552000045776367,7.66799998283
m25j25d25p05_3.csv.out,25,25,25,05,3,6,1,19.954999923706055,0.0,0.1269998550415039,19.8280000687,6,1,13.378000020980835,0.0,7.013000011444092,6.36500000954
m25j25d25p05_4.csv.out,25,25,25,05,4,6,1,12.58299994468689,0.0,0.12100005149841309,12.4619998932,6,1,29.110999822616577,0.0,9.026999950408936,20.0839998722
m25j25d25p05_5.csv.out,25,25,25,05,5,7,0,1800.460000038147,0.2857142857102041,0.11899995803833008,1800.34100008,7,1,20.603999853134155,0.0,6.374000072479248,14.2299997807
m25j25d25p05_6.csv.out,25,25,25,05,6,6,0,1800.3359999656677,0.33333333332777787,0.09400010108947754,1800.24199986,6,1,11.043999910354614,0.0,5.781000137329102,5.26299977303
m25j25d25p05_7.csv.out,25,25,25,05,7,5,1,596.5190000534058,0.0,0.09299993515014648,596.426000118,5,1,11.413000106811523,0.0,4.809000015258789,6.60400009155
m25j25d25p05_8.csv.out,25,25,25,05,8,7,0,1800.4990000724792,0.4285714285653064,0.09100008010864258,1800.40799999,6,1,14.062000036239624,0.0,5.642999887466431,8.41900014877
m25j25d25p05_9.csv.out,25,25,25,05,9,3,0,1800.5069999694824,0.6666666666444444,0.09100008010864258,1800.41599989,3,1,779.6519999504089,0.0,4.2829999923706055,775.368999958
m25j25d25p10_0.csv.out,25,25,25,10,0,9,0,1800.367999792099,0.22222222221975338,0.09499979019165039,1800.273,9,1,80.06299996376038,0.0,18.42899990081787,61.6340000629
m25j25d25p10_1.csv.out,25,25,25,10,1,9,1,1060.8099999427795,0.0,0.09100008010864258,1060.71899986,9,1,43.72000002861023,0.0,17.486999988555908,26.2330000401
m25j25d25p10_2.csv.out,25,25,25,10,2,9,1,1344.6080000400543,0.0,0.09400010108947754,1344.51399994,9,1,179.61100006103516,0.0,16.736999988555908,162.874000072
m25j25d25p10_3.csv.out,25,25,25,10,3,8,0,1800.4100000858307,0.24999999999687966,0.09300017356872559,1800.31699991,8,1,379.82100009918213,0.0,20.610000133514404,359.210999966
m25j25d25p10_4.csv.out,25,25,25,10,4,11,0,1800.483999967575,0.4089171974485119,0.12100005149841309,1800.36299992,11,1,81.0569999217987,0.0,20.179999828338623,60.8770000935
m25j25d25p10_5.csv.out,25,25,25,10,5,9,0,1800.3539998531342,0.22222222221975477,0.1940000057220459,1800.15999985,9,1,437.7330000400543,0.0,48.15300011634827,389.579999924
m25j25d25p10_6.csv.out,25,25,25,10,6,13,0,1800.7460000514984,0.4615384615349132,0.17500019073486328,1800.57099986,13,1,88.81500005722046,0.0,32.78600001335144,56.0290000439
m25j25d25p10_7.csv.out,25,25,25,10,7,11,0,1800.6460001468658,0.36363636363305857,0.17500019073486328,1800.47099996,11,1,92.3030002117157,0.0,40.532999992370605,51.7700002193
m25j25d25p10_8.csv.out,25,25,25,10,8,9,0,1801.2249999046326,0.2222222222197446,0.18400001525878906,1801.04099989,9,1,66.73700022697449,0.0,32.23700022697449,34.5
m25j25d25p10_9.csv.out,25,25,25,10,9,11,0,1800.6329998970032,0.2727272727247947,0.17400002479553223,1800.45899987,11,1,327.1080000400543,0.0,32.95900011062622,294.148999929
m25j25d25p20_0.csv.out,25,25,25,20,0,16,1,106.1579999923706,0.0,0.05800008773803711,106.099999905,16,1,175.24399995803833,0.0,57.883999824523926,117.360000134
m25j25d25p20_1.csv.out,25,25,25,20,1,15,1,10.410000085830688,0.0,0.05800008773803711,10.3519999981,15,1,194.0130000114441,0.0,65.96799993515015,128.045000076
m25j25d25p20_2.csv.out,25,25,25,20,2,14,1,40.18600010871887,0.0,0.05800008773803711,40.128000021,14,1,138.74300003051758,0.0,37.23799991607666,101.505000114
m25j25d25p20_3.csv.out,25,25,25,20,3,15,1,98.81900000572205,0.0,0.05900001525878906,98.7599999905,15,1,904.0879998207092,0.0,46.38599991798401,857.701999903
m25j25d25p20_4.csv.out,25,25,25,20,4,15,0,1803.9049999713898,0.13333333333244693,0.05799984931945801,1803.84700012,15,0,1848.5729999542236,0.07255499458433885,45.29200005531311,1803.2809999
m25j25d25p20_5.csv.out,25,25,25,20,5,14,0,1800.4519999027252,0.14285714285612358,0.05900001525878906,1800.39299989,15,0,1854.6840000152588,0.13597178821235123,50.812000036239624,1803.87199998
m25j25d25p20_6.csv.out,25,25,25,20,6,14,1,31.038999795913696,0.0,0.059999942779541016,30.9789998531,14,1,262.3289999961853,0.0,44.09099984169006,218.238000154
m25j25d25p20_7.csv.out,25,25,25,20,7,9,1,262.97900009155273,0.0,0.05800008773803711,262.921000004,9,1,166.55800008773804,0.0,45.117000102996826,121.440999985
m25j25d25p20_8.csv.out,25,25,25,20,8,13,1,1498.0479998588562,0.0,0.05800008773803711,1497.98999977,13,1,125.1819999217987,0.0,37.01900005340576,88.1629998684
m25j25d25p20_9.csv.out,25,25,25,20,9,14,1,4.378000020980835,0.0,0.05900001525878906,4.31900000572,14,1,253.9229998588562,0.0,42.194000005722046,211.728999853
m25j25d25p40_0.csv.out,25,25,25,40,0,15,1,21.60800004005432,0.0,0.26200008392333984,21.3459999561,15,1,1842.6549999713898,0.0,261.268000125885,1581.38699985
m25j25d25p40_1.csv.out,25,25,25,40,1,17,0,1801.324000120163,0.11764705882283759,0.23099994659423828,1801.09300017,17,1,1101.1470000743866,0.0,223.8949999809265,877.252000093
m25j25d25p40_2.csv.out,25,25,25,40,2,16,1,22.483999967575073,0.0,0.26399993896484375,22.2200000286,16,1,1406.4189999103546,0.0,235.33899998664856,1171.07999992
m25j25d25p40_3.csv.out,25,25,25,40,3,16,1,46.01100015640259,0.0,0.31799983978271484,45.6930003166,16,1,1621.9190001487732,0.0,248.63300013542175,1373.28600001
m25j25d25p40_4.csv.out,25,25,25,40,4,15,1,280.22000002861023,0.0,0.28799986839294434,279.93200016,15,0,2058.6879999637604,0.07933501144762721,238.09699988365173,1820.59100008
m25j25d25p40_5.csv.out,25,25,25,40,5,18,1,1.878000020980835,0.0,0.24099993705749512,1.63700008392,18,1,2071.0250000953674,0.0,289.3110001087189,1781.71399999
m25j25d25p40_6.csv.out,25,25,25,40,6,19,1,43.69800019264221,0.0,0.33299994468688965,43.365000248,19,1,1863.039999961853,0.0,279.7880001068115,1583.25199986
m25j25d25p40_7.csv.out,25,25,25,40,7,16,0,1800.4179999828339,0.062499999999610825,0.29399991035461426,1800.12400007,16,0,2084.6070001125336,0.08413461538408937,247.91300010681152,1836.69400001
m25j25d25p40_8.csv.out,25,25,25,40,8,14,1,79.44999980926514,0.0,0.28299999237060547,79.1669998169,14,1,1899.3330001831055,0.0,255.84400010108948,1643.48900008
m25j25d25p40_9.csv.out,25,25,25,40,9,18,1,878.0460000038147,0.0,0.21900010108947754,877.826999903,24,0,2342.5169999599457,0.2867063492051547,321.5930001735687,2020.92399979